Workbook

Sheet Sheet2
A1: id | B1: tname | C1: school | D1: association | E1: AllGross | F1: limit80C | G1: Gross80D | H1: TaxableIncome | I1: NetTax | J1: AddedEduCess
A2: =IF(Sheet1!B2<>"",Sheet1!B2,"") -> teachers101 | B2: =IF(Sheet1!C2<>"",Sheet1!C2,"") -> SOHINI PAUL | C2: =IF(Sheet1!D2<>"",Sheet1!D2,"") -> AMORAGORI GIRLS PRIMARY SCHOOL | D2: =IF(Sheet1!E2<>"",Sheet1!E2,"") -> WBTPTA | E2: =IF(Sheet1!DY2<>"",Sheet1!DY2,"") -> 415160 | F2: =IF(Sheet1!EQ2<>"",Sheet1!EQ2,"") -> 24000 | G2: =IF(Sheet1!EZ2<>"",Sheet1!EZ2,"") -> 0 | H2: =IF(Sheet1!FA2<>"",Sheet1!FA2,"") -> 339360 | I2: =IF(Sheet1!FI2<>"",Sheet1!FI2,"") -> 0 | J2: =IF(Sheet1!GI2<>"",Sheet1!GI2,"") -> 0
A3: =IF(Sheet1!B3<>"",Sheet1!B3,"") -> teachers102 | B3: =IF(Sheet1!C3<>"",Sheet1!C3,"") -> MOUMITA MAJI | C3: =IF(Sheet1!D3<>"",Sheet1!D3,"") -> AMORAGORI GIRLS PRIMARY SCHOOL | D3: =IF(Sheet1!E3<>"",Sheet1!E3,"") -> WBTPTA | E3: =IF(Sheet1!DY3<>"",Sheet1!DY3,"") -> 464456 | F3: =IF(Sheet1!EQ3<>"",Sheet1!EQ3,"") -> 24000 | G3: =IF(Sheet1!EZ3<>"",Sheet1!EZ3,"") -> 0 | H3: =IF(Sheet1!FA3<>"",Sheet1!FA3,"") -> 388656 | I3: =IF(Sheet1!FI3<>"",Sheet1!FI3,"") -> 0 | J3: =IF(Sheet1!GI3<>"",Sheet1!GI3,"") -> 0
A4: =IF(Sheet1!B4<>"",Sheet1!B4,"") -> teachers103 | B4: =IF(Sheet1!C4<>"",Sheet1!C4,"") -> RAGHABENDRA KOLEY | C4: =IF(Sheet1!D4<>"",Sheet1!D4,"") -> BANCHARAM ROY PRIMARY SCHOOL | D4: =IF(Sheet1!E4<>"",Sheet1!E4,"") -> WBTPTA | E4: =IF(Sheet1!DY4<>"",Sheet1!DY4,"") -> 712284 | F4: =IF(Sheet1!EQ4<>"",Sheet1!EQ4,"") -> 36000 | G4: =IF(Sheet1!EZ4<>"",Sheet1!EZ4,"") -> 50000 | H4: =IF(Sheet1!FA4<>"",Sheet1!FA4,"") -> 576284 | I4: =IF(Sheet1!FI4<>"",Sheet1!FI4,"") -> 28867 | J4: =IF(Sheet1!GI4<>"",Sheet1!GI4,"") -> 0
A5: =IF(Sheet1!B5<>"",Sheet1!B5,"") -> teachers104 | B5: =IF(Sheet1!C5<>"",Sheet1!C5,"") -> AVISHEK CHOWDHURY | C5: =IF(Sheet1!D5<>"",Sheet1!D5,"") -> BANCHARAM ROY PRIMARY SCHOOL | D5: =IF(Sheet1!E5<>"",Sheet1!E5,"") -> WBTPTA | E5: =IF(Sheet1!DY5<>"",Sheet1!DY5,"") -> 385532 | F5: =IF(Sheet1!EQ5<>"",Sheet1!EQ5,"") -> 8000 | G5: =IF(Sheet1!EZ5<>"",Sheet1!EZ5,"") -> 0 | H5: =IF(Sheet1!FA5<>"",Sheet1!FA5,"") -> 325732 | I5: =IF(Sheet1!FI5<>"",Sheet1!FI5,"") -> 0 | J5: =IF(Sheet1!GI5<>"",Sheet1!GI5,"") -> 0
A6: =IF(Sheet1!B6<>"",Sheet1!B6,"") -> teachers105 | B6: =IF(Sheet1!C6<>"",Sheet1!C6,"") -> AMIT RIT | C6: =IF(Sheet1!D6<>"",Sheet1!D6,"") -> BAR GAZIPUR PRIMARY SCHOOL | D6: =IF(Sheet1!E6<>"",Sheet1!E6,"") -> ABPTA | E6: =IF(Sheet1!DY6<>"",Sheet1!DY6,"") -> 527060 | F6: =IF(Sheet1!EQ6<>"",Sheet1!EQ6,"") -> 48000 | G6: =IF(Sheet1!EZ6<>"",Sheet1!EZ6,"") -> 0 | H6: =IF(Sheet1!FA6<>"",Sheet1!FA6,"") -> 426660 | I6: =IF(Sheet1!FI6<>"",Sheet1!FI6,"") -> 0 | J6: =IF(Sheet1!GI6<>"",Sheet1!GI6,"") -> 0
A7: =IF(Sheet1!B7<>"",Sheet1!B7,"") -> teachers106 | B7: =IF(Sheet1!C7<>"",Sheet1!C7,"") -> TAPAS KARMAKAR | C7: =IF(Sheet1!D7<>"",Sheet1!D7,"") -> BAR GAZIPUR PRIMARY SCHOOL | D7: =IF(Sheet1!E7<>"",Sheet1!E7,"") -> WBTPTA | E7: =IF(Sheet1!DY7<>"",Sheet1!DY7,"") -> 415160 | F7: =IF(Sheet1!EQ7<>"",Sheet1!EQ7,"") -> 24000 | G7: =IF(Sheet1!EZ7<>"",Sheet1!EZ7,"") -> 0 | H7: =IF(Sheet1!FA7<>"",Sheet1!FA7,"") -> 339360 | I7: =IF(Sheet1!FI7<>"",Sheet1!FI7,"") -> 0 | J7: =IF(Sheet1!GI7<>"",Sheet1!GI7,"") -> 0
A8: =IF(Sheet1!B8<>"",Sheet1!B8,"") -> teachers107 | B8: =IF(Sheet1!C8<>"",Sheet1!C8,"") -> BIKASH CHANDRA DALUI | C8: =IF(Sheet1!D8<>"",Sheet1!D8,"") -> BER DHAIPUR PRIMARY SCHOOL | D8: =IF(Sheet1!E8<>"",Sheet1!E8,"") -> WBPTA | E8: =IF(Sheet1!DY8<>"",Sheet1!DY8,"") -> 717084 | F8: =IF(Sheet1!EQ8<>"",Sheet1!EQ8,"") -> 36000 | G8: =IF(Sheet1!EZ8<>"",Sheet1!EZ8,"") -> 0 | H8: =IF(Sheet1!FA8<>"",Sheet1!FA8,"") -> 628684 | I8: =IF(Sheet1!FI8<>"",Sheet1!FI8,"") -> 39766 | J8: =IF(Sheet1!GI8<>"",Sheet1!GI8,"") -> 0
A9: =IF(Sheet1!B9<>"",Sheet1!B9,"") -> teachers108 | B9: =IF(Sheet1!C9<>"",Sheet1!C9,"") -> SUPARNA GHOSH | C9: =IF(Sheet1!D9<>"",Sheet1!D9,"") -> BER DHAIPUR PRIMARY SCHOOL | D9: =IF(Sheet1!E9<>"",Sheet1!E9,"") -> WBTPTA | E9: =IF(Sheet1!DY9<>"",Sheet1!DY9,"") -> 522260 | F9: =IF(Sheet1!EQ9<>"",Sheet1!EQ9,"") -> 60000 | G9: =IF(Sheet1!EZ9<>"",Sheet1!EZ9,"") -> 0 | H9: =IF(Sheet1!FA9<>"",Sheet1!FA9,"") -> 409860 | I9: =IF(Sheet1!FI9<>"",Sheet1!FI9,"") -> 0 | J9: =IF(Sheet1!GI9<>"",Sheet1!GI9,"") -> 0
A10: =IF(Sheet1!B10<>"",Sheet1!B10,"") -> teachers109 | B10: =IF(Sheet1!C10<>"",Sheet1!C10,"") -> SOHEL REJA | C10: =IF(Sheet1!D10<>"",Sheet1!D10,"") -> BER DHAIPUR PRIMARY SCHOOL | D10: =IF(Sheet1!E10<>"",Sheet1!E10,"") -> WBTPTA | E10: =IF(Sheet1!DY10<>"",Sheet1!DY10,"") -> 415160 | F10: =IF(Sheet1!EQ10<>"",Sheet1!EQ10,"") -> 24000 | G10: =IF(Sheet1!EZ10<>"",Sheet1!EZ10,"") -> 0 | H10: =IF(Sheet1!FA10<>"",Sheet1!FA10,"") -> 339360 | I10: =IF(Sheet1!FI10<>"",Sheet1!FI10,"") -> 0 | J10: =IF(Sheet1!GI10<>"",Sheet1!GI10,"") -> 0
A11: =IF(Sheet1!B11<>"",Sheet1!B11,"") -> teachers110 | B11: =IF(Sheet1!C11<>"",Sheet1!C11,"") -> TARUN GHARA | C11: =IF(Sheet1!D11<>"",Sheet1!D11,"") -> BER DHAIPUR PRIMARY SCHOOL | D11: =IF(Sheet1!E11<>"",Sheet1!E11,"") -> WBTPTA | E11: =IF(Sheet1!DY11<>"",Sheet1!DY11,"") -> 406054 | F11: =IF(Sheet1!EQ11<>"",Sheet1!EQ11,"") -> 2000 | G11: =IF(Sheet1!EZ11<>"",Sheet1!EZ11,"") -> 0 | H11: =IF(Sheet1!FA11<>"",Sheet1!FA11,"") -> 352404 | I11: =IF(Sheet1!FI11<>"",Sheet1!FI11,"") -> 0 | J11: =IF(Sheet1!GI11<>"",Sheet1!GI11,"") -> 0
A12: =IF(Sheet1!B12<>"",Sheet1!B12,"") -> teachers111 | B12: =IF(Sheet1!C12<>"",Sheet1!C12,"") -> SWAPAN DAS | C12: =IF(Sheet1!D12<>"",Sheet1!D12,"") -> BETAI PC PRIMARY SCHOOL | D12: =IF(Sheet1!E12<>"",Sheet1!E12,"") -> WBTPTA | E12: =IF(Sheet1!DY12<>"",Sheet1!DY12,"") -> 711084 | F12: =IF(Sheet1!EQ12<>"",Sheet1!EQ12,"") -> 36000 | G12: =IF(Sheet1!EZ12<>"",Sheet1!EZ12,"") -> 0 | H12: =IF(Sheet1!FA12<>"",Sheet1!FA12,"") -> 622684 | I12: =IF(Sheet1!FI12<>"",Sheet1!FI12,"") -> 38518 | J12: =IF(Sheet1!GI12<>"",Sheet1!GI12,"") -> 0
A13: =IF(Sheet1!B13<>"",Sheet1!B13,"") -> teachers112 | B13: =IF(Sheet1!C13<>"",Sheet1!C13,"") -> RAJU KOLEY | C13: =IF(Sheet1!D13<>"",Sheet1!D13,"") -> BETAI PC PRIMARY SCHOOL | D13: =IF(Sheet1!E13<>"",Sheet1!E13,"") -> WBTPTA | E13: =IF(Sheet1!DY13<>"",Sheet1!DY13,"") -> 415160 | F13: =IF(Sheet1!EQ13<>"",Sheet1!EQ13,"") -> 24000 | G13: =IF(Sheet1!EZ13<>"",Sheet1!EZ13,"") -> 0 | H13: =IF(Sheet1!FA13<>"",Sheet1!FA13,"") -> 339360 | I13: =IF(Sheet1!FI13<>"",Sheet1!FI13,"") -> 0 | J13: =IF(Sheet1!GI13<>"",Sheet1!GI13,"") -> 0
... A400: =IF(Sheet1!B400<>"",Sheet1!B400,"") | B400: =IF(Sheet1!C400<>"",Sheet1!C400,"") | C400: =IF(Sheet1!D400<>"",Sheet1!D400,"") | D400: =IF(Sheet1!E400<>"",Sheet1!E400,"") | E400: =IF(Sheet1!DY400<>"",Sheet1!DY400,"") | F400: =IF(Sheet1!EQ400<>"",Sheet1!EQ400,"") | G400: =IF(Sheet1!EZ400<>"",Sheet1!EZ400,"") | H400: =IF(Sheet1!FA400<>"",Sheet1!FA400,"") | I400: =IF(Sheet1!FI400<>"",Sheet1!FI400,"") | J400: =IF(Sheet1!GI400<>"",Sheet1!GI400,"")

Sheet Sheet1
A1: sl | B1: id | C1: tname | D1: school | E1: association | F1: disability | G1: bonus | H1: marchBasic | I1: marchDA | J1: marchHRA | K1: marchAddl | L1: marchMA | M1: marchGross | N1: marchGPF | O1: marchGSLI | P1: marchPTAX | Q1: marchNetpay | R1: aprilBasic | S1: aprilDA | T1: aprilHRA | U1: aprilAddl | V1: aprilMA | W1: aprilGross | X1: aprilGPF | Y1: aprilGSLI | Z1: aprilPTAX | AA1: aprilNetpay | AB1: mayBasic | AC1: mayDA | AD1: mayHRA | AE1: mayAddl | AF1: mayMA | AG1: mayGross | AH1: mayGPF | AI1: mayGSLI | AJ1: mayPTAX | AK1: mayNetpay | AL1: juneBasic | AM1: juneDA | AN1: juneHRA | AO1: juneAddl | AP1: juneMA | AQ1: juneGross | AR1: juneGPF | AS1: juneGSLI | AT1: junePTAX | AU1: juneNetpay | AV1: julyBasic | AW1: julyDA | AX1: aprilIR | AY1: julyHRA | AZ1: julyAddl | BA1: julyMA | BB1: julyGross | BC1: julyGPF | BD1: julyGSLI | BE1: julyPTAX | BF1: julyNetpay | BG1: augustBasic | BH1: augustDA | BI1: augustHRA | BJ1: augustAddl | BK1: augustMA | BL1: augustGross | BM1: augustGPF | BN1: augustGSLI | BO1: augustPTAX | BP1: augustNetpay | BQ1: septemberBasic | BR1: septemberDA | BS1: septemberHRA | BT1: septemberAddl | BU1: septemberMA | BV1: septemberGross | BW1: septemberGPF | BX1: septemberGSLI | BY1: septemberPTAX | BZ1: septemberNetpay | CA1: octoberBasic | CB1: octoberDA | CC1: octoberHRA | CD1: octoberAddl | CE1: octoberMA | CF1: octoberGross | CG1: octoberGPF | CH1: octoberGSLI | CI1: octoberPTAX | CJ1: octoberNetpay | CK1: novemberBasic | CL1: novemberDA | CM1: novemberHRA | CN1: novemberAddl | CO1: novemberMA | CP1: novemberGross | CQ1: novemberGPF | CR1: novemberGSLI | CS1: novemberPTAX | CT1: novemberNetpay | CU1: decemberBasic | CV1: decemberDA | CW1: decemberHRA | CX1: decemberAddl | CY1: decemberMA | CZ1: decemberGross | DA1: decemberGPF | DB1: decemberGSLI | DC1: decemberPTAX | DD1: decemberNetpay | DE1: januaryBasic | DF1: januaryDA | DG1: januaryHRA | DH1: januaryAddl | DI1: januaryMA | DJ1: januaryGross | DK1: januaryGPF | DL1: januaryGSLI | DM1: januaryPTAX | DN1: januaryNetpay | DO1: februaryBasic | DP1: februaryDA | DQ1: februaryHRA | DR1: februaryAddl | DS1: februaryMA | DT1: februaryGross | DU1: februaryGPF | DV1: februaryGSLI | DW1: februaryPTAX | DX1: februaryNetpay | DY1: AllGross | DZ1: GrossPTAX | EA1: StandardDeduction | EB1: hbLoanInterest | EC1: GrossIncome | ED1: GrossGPF | EE1: GrossGSLI | EF1: hbLoanPrincipal | EG1: lic | EH1: fd | EI1: ulip | EJ1: ppf | EK1: nsc | EL1: nscInterest | EM1: tutionFee | EN1: sukanya | EO1: stampDuty | EP1: Gross80C | EQ1: limit80C | ER1: After80CDeduction | ES1: mediclaim | ET1: terminalDisease | EU1: handicapTreatment | EV1: educationLoan | EW1: charity | EX1: rgSaving | EY1: otherIncome | EZ1: Gross80D | FA1: TaxableIncome | FB1: firstSlabDeduction | FC1: IncomeTaxStepOne | FD1: IncomeTaxStepTwo | FE1: Rebate | FF1: EduCess | FG1: addEduCess | FH1: tds | FI1: NetTax | FJ1: above5Lakh | FK1: BankInterest | FL1: GrossTotalIncome | FM1: standardDeductionNew | FN1: GrossIncomeNew | FO1: ThirtyIT | FP1: ThirtyITTax | FQ1: TwentyIT | FR1: TwentyITTax | FS1: FifteenIT | FT1: FifteenITTax | FU1: TenIT | FV1: TenITTax | FW1: FiveIT | FX1: FiveITTax | FY1: CalculatedIT | FZ1: cal1 | GA1: cal2 | GB1: cal3 | GC1: cal4 | GD1: cal5 | GE1: cal6 | GF1: GrossRelief | GG1: IncomeTaxAfterRelief | GH1: eduCess | GI1: AddedEduCess
A2: =_xlfn.AGGREGATE(3,5,$B$2:B2) -> 1 | B2: teachers101 | C2: SOHINI PAUL | D2: AMORAGORI GIRLS PRIMARY SCHOOL | E2: WBTPTA | F2: 0 | G2: 6000 | H2: 26200 | I2: =H2*0.1 -> 2620 | J2: =H2*0.12 -> 3144 | K2: 0 | L2: 500 | M2: =SUM(H2:L2) -> 32464 | N2: 2000 | O2: 0 | P2: =IF($F2=50000,0,IF(M2>40000,200,IF(M2>25000,150,IF(M2>15000,130,IF(M2>10000,110,0))))) -> 150 | Q2: =M2-N2-O2-P2 -> 30314 | R2: 26200 | S2: =R2*0.1 -> 2620 | T2: =R2*0.12 -> 3144 | U2: 0 | V2: 500 | W2: =SUM(R2:V2) -> 32464 | X2: 2000 | Y2: 0 | Z2: =IF($F2=50000,0,IF(W2>40000,200,IF(W2>25000,150,IF(W2>15000,130,IF(W2>10000,110,0))))) -> 150 | AA2: =W2-X2-Y2-Z2 -> 30314 | AB2: 26200 | AC2: =AB2*0.14 -> 3668 | AD2: =AB2*0.12 -> 3144 | AE2: 0 | AF2: 500 | AG2: =SUM(AB2:AF2) -> 33512 | AH2: 2000 | AI2: 0 | AJ2: =IF($F2=50000,0,IF(AG2>40000,200,IF(AG2>25000,150,IF(AG2>15000,130,IF(AG2>10000,110,0))))) -> 150 | AK2: =AG2-AH2-AI2-AJ2 -> 31362 | AL2: 26200 | AM2: =AL2*0.14 -> 3668 | AN2: =AL2*0.12 -> 3144 | AO2: 0 | AP2: 500 | AQ2: =SUM(AL2:AP2) -> 33512 | AR2: 2000 | AS2: 0 | AT2: =IF($F2=50000,0,IF(AQ2>40000,200,IF(AQ2>25000,150,IF(AQ2>15000,130,IF(AQ2>10000,110,0))))) -> 150 | AU2: =AQ2-AR2-AS2-AT2 -> 31362 | AV2: 27000 | AW2: =AV2*0.14 -> 3780 | AX2: =R2*0.04 -> 1048 | AY2: =AV2*0.12 -> 3240 | AZ2: 0 | BA2: 500 | BB2: =SUM(AV2:BA2) -> 35568 | BC2: 2000 | BD2: 0 | BE2: =IF($F2=50000,0,IF(BB2>40000,200,IF(BB2>25000,150,IF(BB2>15000,130,IF(BB2>10000,110,0))))) -> 150 | BF2: =BB2-BC2-BD2-BE2 -> 33418 | BG2: 27000 | BH2: =BG2*0.14 -> 3780 | BI2: =BG2*0.12 -> 3240 | BJ2: 0 | BK2: 500 | BL2: =SUM(BG2:BK2) -> 34520 | BM2: 2000 | BN2: 0 | BO2: =IF($F2=50000,0,IF(BL2>40000,200,IF(BL2>25000,150,IF(BL2>15000,130,IF(BL2>10000,110,0))))) -> 150 | BP2: =BL2-BM2-BN2-BO2 -> 32370 | BQ2: 27000 | BR2: =BQ2*0.14 -> 3780 | BS2: =BQ2*0.12 -> 3240 | BT2: 0 | BU2: 500 | BV2: =SUM(BQ2:BU2) -> 34520 | BW2: 2000 | BX2: 0 | BY2: =IF($F2=50000,0,IF(BV2>40000,200,IF(BV2>25000,150,IF(BV2>15000,130,IF(BV2>10000,110,0))))) -> 150 | BZ2: =BV2-BW2-BX2-BY2 -> 32370 | CA2: 27000 | CB2: =CA2*0.14 -> 3780 | CC2: =CA2*0.12 -> 3240 | CD2: 0 | CE2: 500 | CF2: =SUM(CA2:CE2) -> 34520 | CG2: 2000 | CH2: 0 | CI2: =IF($F2=50000,0,IF(CF2>40000,200,IF(CF2>25000,150,IF(CF2>15000,130,IF(CF2>10000,110,0))))) -> 150 | CJ2: =CF2-CG2-CH2-CI2 -> 32370 | CK2: 27000 | CL2: =CK2*0.14 -> 3780 | CM2: =CK2*0.12 -> 3240 | CN2: 0 | CO2: 500 | CP2: =SUM(CK2:CO2) -> 34520 | CQ2: 2000 | CR2: 0 | CS2: =IF($F2=50000,0,IF(CP2>40000,200,IF(CP2>25000,150,IF(CP2>15000,130,IF(CP2>10000,110,0))))) -> 150 | CT2: =CP2-CQ2-CR2-CS2 -> 32370 | CU2: 27000 | CV2: =ROUND(CU2*0.14,0) -> 3780 | CW2: =ROUND(CU2*0.12,0) -> 3240 | CX2: 0 | CY2: 500 | CZ2: =SUM(CU2:CY2) -> 34520 | DA2: 2000 | DB2: 0 | DC2: =IF($F2=50000,0,IF(CZ2>40000,200,IF(CZ2>25000,150,IF(CZ2>15000,130,IF(CZ2>10000,110,0))))) -> 150 | DD2: =CZ2-DA2-DB2-DC2 -> 32370 | DE2: 27000 | DF2: =DE2*0.14 -> 3780 | DG2: =DE2*0.12 -> 3240 | DH2: 0 | DI2: 500 | DJ2: =SUM(DE2:DI2) -> 34520 | DK2: 2000 | DL2: 0 | DM2: =IF($F2=50000,0,IF(DJ2>40000,200,IF(DJ2>25000,150,IF(DJ2>15000,130,IF(DJ2>10000,110,0))))) -> 150 | DN2: =DJ2-DK2-DL2-DM2 -> 32370 | DO2: 27000 | DP2: =DO2*0.14 -> 3780 | DQ2: =DO2*0.12 -> 3240 | DR2: 0 | DS2: 500 | DT2: =SUM(DO2:DS2) -> 34520 | DU2: 2000 | DV2: 0 | DW2: =IF($F2=50000,0,IF(DT2>40000,200,IF(DT2>25000,150,IF(DT2>15000,130,IF(DT2>10000,110,0))))) -> 150 | DX2: =DT2-DU2-DV2-DW2 -> 32370 | DY2: =DT2+DJ2+CZ2+CP2+CF2+BV2+BL2+BB2+AQ2+AG2+W2+M2+G2 -> 415160 | DZ2: =DW2+DM2+DC2+CS2+CI2+BY2+BO2+BE2+AT2+AJ2+Z2+P2 -> 1800 | EA2: =IF(DY2>0,50000,0) -> 50000 | EB2: 0 | EC2: =DY2-DZ2-EA2 -> 363360 | ED2: =DU2+DK2+DA2+CQ2+CG2+BW2+BM2+BC2+AR2+AH2+X2+N2 -> 24000 | EE2: =DV2+DL2+DB2+CR2+CH2+BX2+BN2+BD2+AS2+AI2+Y2+O2 -> 0 | EF2: 0 | EG2: 0 | EH2: 0 | EI2: 0 | EJ2: 0 | EK2: 0 | EL2: 0 | EM2: 0 | EN2: 0 | EO2: 0 | EP2: =SUM(ED2:EO2) -> 24000 | EQ2: =IF(EP2>=150000,150000,EP2) -> 24000 | ER2: =EC2-EQ2 -> 339360 | ES2: 0 | ET2: 0 | EU2: 0 | EV2: 0 | EW2: 0 | EX2: 0 | EY2: 0 | EZ2: =SUM(ES2:EY2)+F2 -> 0 | FA2: =ER2-EZ2 -> 339360 | FB2: =ROUND(IF(FA2>0,IF(FA2>500000,12500,(FA2-250000)*0.05),0),0) -> 4468 | FC2: =IF(ROUND(IF(FA2>0,IF(FA2>1000000,25000,(FA2-500000)*0.2),0),0)<0,0,ROUND(IF(FA2>0,IF(FA2>1000000,25000,(FA2-500000)*0.2),0),0)) -> 0 | FD2: =FB2+FC2 -> 4468 | FE2: =IF(FD2<12500,0,FD2) -> 0 | FF2: =FE2*0.04 -> 0 | FG2: =ROUND(FF2+FE2,0) -> 0 | FH2: 0 | FI2: =FG2-FH2 -> 0 | FJ2: =IF(DY2>500000,TRUE,FALSE) -> FALSE | FK2: =IF(FJ2,RANDBETWEEN(500,1000),RANDBETWEEN(1000,3000)) -> 1341 | FL2: =DY2+FK2 -> 416501 | FM2: =IF(DY2>0,75000,0) -> 75000 | FN2: =FL2-FM2 -> 341501 | FO2: =IF(FN2>1500000,FN2-1500000,0) -> 0 | FP2: =FO2*0.3 -> 0 | FQ2: =IF(FN2>1200000,FN2-1200000-FO2,0) -> 0 | FR2: =FQ2*0.2 -> 0 | FS2: =IF(FN2>1000000,FN2-1000000-F2-FQ2,0) -> 0 | FT2: =FS2*0.15 -> 0 | FU2: =IF(FN2>700000,FN2-700000-FO2-FQ2-FS2,0) -> 0 | FV2: =FU2*0.1 -> 0 | FW2: =IF(FN2>300000,FN2-300000-FO2-FQ2-FS2-FU2,0) -> 41501 | FX2: =FW2*0.05 -> 2075.05 | FY2: =ROUND(FP2+FR2+FT2+FV2+FX2,0) -> 2075 | FZ2: =IF(FN2>700000,FN2,0) -> 0 | GA2: =IF(FN2>700000,FZ2-700000,0) -> 0 | GB2: =IF(FN2<700001,MIN(FY2,25000),0) -> 2075 | GC2: =IF(FN2>700000,FY2-GA2,0) -> 0 | GD2: =IF(GC2>0,TRUE,FALSE) -> FALSE | GE2: =IF(GD2,GC2,0) -> 0 | GF2: =GB2+GE2 -> 2075 | GG2: =ROUND(FY2-GF2,0) -> 0 | GH2: =GG2*0.04 -> 0 | GI2: =ROUNDUP(GG2+GH2,0) -> 0
A3: =_xlfn.AGGREGATE(3,5,$B$2:B3) -> 2 | B3: teachers102 | C3: MOUMITA MAJI | D3: AMORAGORI GIRLS PRIMARY SCHOOL | E3: WBTPTA | F3: 0 | G3: 6000 | H3: 29800 | I3: =H3*0.1 -> 2980 | J3: =H3*0.12 -> 3576 | K3: 0 | L3: 0 | M3: =SUM(H3:L3) -> 36356 | N3: 2000 | O3: 0 | P3: =IF($F3=50000,0,IF(M3>40000,200,IF(M3>25000,150,IF(M3>15000,130,IF(M3>10000,110,0))))) -> 150 | Q3: =M3-N3-O3-P3 -> 34206 | R3: 29800 | S3: =R3*0.1 -> 2980 | T3: =R3*0.12 -> 3576 | U3: 0 | V3: 0 | W3: =SUM(R3:V3) -> 36356 | X3: 2000 | Y3: 0 | Z3: =IF($F3=50000,0,IF(W3>40000,200,IF(W3>25000,150,IF(W3>15000,130,IF(W3>10000,110,0))))) -> 150 | AA3: =W3-X3-Y3-Z3 -> 34206 | AB3: 29800 | AC3: =AB3*0.14 -> 4172 | AD3: =AB3*0.12 -> 3576 | AE3: 0 | AF3: 0 | AG3: =SUM(AB3:AF3) -> 37548 | AH3: 2000 | AI3: 0 | AJ3: =IF($F3=50000,0,IF(AG3>40000,200,IF(AG3>25000,150,IF(AG3>15000,130,IF(AG3>10000,110,0))))) -> 150 | AK3: =AG3-AH3-AI3-AJ3 -> 35398 | AL3: 29800 | AM3: =AL3*0.14 -> 4172 | AN3: =AL3*0.12 -> 3576 | AO3: 0 | AP3: 0 | AQ3: =SUM(AL3:AP3) -> 37548 | AR3: 2000 | AS3: 0 | AT3: =IF($F3=50000,0,IF(AQ3>40000,200,IF(AQ3>25000,150,IF(AQ3>15000,130,IF(AQ3>10000,110,0))))) -> 150 | AU3: =AQ3-AR3-AS3-AT3 -> 35398 | AV3: 30700 | AW3: =AV3*0.14 -> 4298 | AX3: =R3*0.04 -> 1192 | AY3: =AV3*0.12 -> 3684 | AZ3: 0 | BA3: 0 | BB3: =SUM(AV3:BA3) -> 39874 | BC3: 2000 | BD3: 0 | BE3: =IF($F3=50000,0,IF(BB3>40000,200,IF(BB3>25000,150,IF(BB3>15000,130,IF(BB3>10000,110,0))))) -> 150 | BF3: =BB3-BC3-BD3-BE3 -> 37724 | BG3: 30700 | BH3: =BG3*0.14 -> 4298 | BI3: =BG3*0.12 -> 3684 | BJ3: 0 | BK3: 0 | BL3: =SUM(BG3:BK3) -> 38682 | BM3: 2000 | BN3: 0 | BO3: =IF($F3=50000,0,IF(BL3>40000,200,IF(BL3>25000,150,IF(BL3>15000,130,IF(BL3>10000,110,0))))) -> 150 | BP3: =BL3-BM3-BN3-BO3 -> 36532 | BQ3: 30700 | BR3: =BQ3*0.14 -> 4298 | BS3: =BQ3*0.12 -> 3684 | BT3: 0 | BU3: 0 | BV3: =SUM(BQ3:BU3) -> 38682 | BW3: 2000 | BX3: 0 | BY3: =IF($F3=50000,0,IF(BV3>40000,200,IF(BV3>25000,150,IF(BV3>15000,130,IF(BV3>10000,110,0))))) -> 150 | BZ3: =BV3-BW3-BX3-BY3 -> 36532 | CA3: 30700 | CB3: =CA3*0.14 -> 4298 | CC3: =CA3*0.12 -> 3684 | CD3: 0 | CE3: 0 | CF3: =SUM(CA3:CE3) -> 38682 | CG3: 2000 | CH3: 0 | CI3: =IF($F3=50000,0,IF(CF3>40000,200,IF(CF3>25000,150,IF(CF3>15000,130,IF(CF3>10000,110,0))))) -> 150 | CJ3: =CF3-CG3-CH3-CI3 -> 36532 | CK3: 30700 | CL3: =CK3*0.14 -> 4298 | CM3: =CK3*0.12 -> 3684 | CN3: 0 | CO3: 0 | CP3: =SUM(CK3:CO3) -> 38682 | CQ3: 2000 | CR3: 0 | CS3: =IF($F3=50000,0,IF(CP3>40000,200,IF(CP3>25000,150,IF(CP3>15000,130,IF(CP3>10000,110,0))))) -> 150 | CT3: =CP3-CQ3-CR3-CS3 -> 36532 | CU3: 30700 | CV3: =ROUND(CU3*0.14,0) -> 4298 | CW3: =ROUND(CU3*0.12,0) -> 3684 | CX3: 0 | CY3: 0 | CZ3: =SUM(CU3:CY3) -> 38682 | DA3: 2000 | DB3: 0 | DC3: =IF($F3=50000,0,IF(CZ3>40000,200,IF(CZ3>25000,150,IF(CZ3>15000,130,IF(CZ3>10000,110,0))))) -> 150 | DD3: =CZ3-DA3-DB3-DC3 -> 36532 | DE3: 30700 | DF3: =DE3*0.14 -> 4298 | DG3: =DE3*0.12 -> 3684 | DH3: 0 | DI3: 0 | DJ3: =SUM(DE3:DI3) -> 38682 | DK3: 2000 | DL3: 0 | DM3: =IF($F3=50000,0,IF(DJ3>40000,200,IF(DJ3>25000,150,IF(DJ3>15000,130,IF(DJ3>10000,110,0))))) -> 150 | DN3: =DJ3-DK3-DL3-DM3 -> 36532 | DO3: 30700 | DP3: =DO3*0.14 -> 4298 | DQ3: =DO3*0.12 -> 3684 | DR3: 0 | DS3: 0 | DT3: =SUM(DO3:DS3) -> 38682 | DU3: 2000 | DV3: 0 | DW3: =IF($F3=50000,0,IF(DT3>40000,200,IF(DT3>25000,150,IF(DT3>15000,130,IF(DT3>10000,110,0))))) -> 150 | DX3: =DT3-DU3-DV3-DW3 -> 36532 | DY3: =DT3+DJ3+CZ3+CP3+CF3+BV3+BL3+BB3+AQ3+AG3+W3+M3+G3 -> 464456 | DZ3: =DW3+DM3+DC3+CS3+CI3+BY3+BO3+BE3+AT3+AJ3+Z3+P3 -> 1800 | EA3: =IF(DY3>0,50000,0) -> 50000 | EB3: 0 | EC3: =DY3-DZ3-EA3 -> 412656 | ED3: =DU3+DK3+DA3+CQ3+CG3+BW3+BM3+BC3+AR3+AH3+X3+N3 -> 24000 | EE3: =DV3+DL3+DB3+CR3+CH3+BX3+BN3+BD3+AS3+AI3+Y3+O3 -> 0 | EF3: 0 | EG3: 0 | EH3: 0 | EI3: 0 | EJ3: 0 | EK3: 0 | EL3: 0 | EM3: 0 | EN3: 0 | EO3: 0 | EP3: =SUM(ED3:EO3) -> 24000 | EQ3: =IF(EP3>=150000,150000,EP3) -> 24000 | ER3: =EC3-EQ3 -> 388656 | ES3: 0 | ET3: 0 | EU3: 0 | EV3: 0 | EW3: 0 | EX3: 0 | EY3: 0 | EZ3: =SUM(ES3:EY3)+F3 -> 0 | FA3: =ER3-EZ3 -> 388656 | FB3: =ROUND(IF(FA3>0,IF(FA3>500000,12500,(FA3-250000)*0.05),0),0) -> 6933 | FC3: =IF(ROUND(IF(FA3>0,IF(FA3>1000000,25000,(FA3-500000)*0.2),0),0)<0,0,ROUND(IF(FA3>0,IF(FA3>1000000,25000,(FA3-500000)*0.2),0),0)) -> 0 | FD3: =FB3+FC3 -> 6933 | FE3: =IF(FD3<12500,0,FD3) -> 0 | FF3: =FE3*0.04 -> 0 | FG3: =ROUND(FF3+FE3,0) -> 0 | FH3: 0 | FI3: =FG3-FH3 -> 0 | FJ3: =IF(DY3>500000,TRUE,FALSE) -> FALSE | FK3: =IF(FJ3,RANDBETWEEN(500,1000),RANDBETWEEN(1000,3000)) -> 2705 | FL3: =DY3+FK3 -> 467161 | FM3: =IF(DY3>0,75000,0) -> 75000 | FN3: =FL3-FM3 -> 392161 | FO3: =IF(FN3>1500000,FN3-1500000,0) -> 0 | FP3: =FO3*0.3 -> 0 | FQ3: =IF(FN3>1200000,FN3-1200000-FO3,0) -> 0 | FR3: =FQ3*0.2 -> 0 | FS3: =IF(FN3>1000000,FN3-1000000-F3-FQ3,0) -> 0 | FT3: =FS3*0.15 -> 0 | FU3: =IF(FN3>700000,FN3-700000-FO3-FQ3-FS3,0) -> 0 | FV3: =FU3*0.1 -> 0 | FW3: =IF(FN3>300000,FN3-300000-FO3-FQ3-FS3-FU3,0) -> 92161 | FX3: =FW3*0.05 -> 4608.05 | FY3: =ROUND(FP3+FR3+FT3+FV3+FX3,0) -> 4608 | FZ3: =IF(FN3>700000,FN3,0) -> 0 | GA3: =IF(FN3>700000,FZ3-700000,0) -> 0 | GB3: =IF(FN3<700001,MIN(FY3,25000),0) -> 4608 | GC3: =IF(FN3>700000,FY3-GA3,0) -> 0 | GD3: =IF(GC3>0,TRUE,FALSE) -> FALSE | GE3: =IF(GD3,GC3,0) -> 0 | GF3: =GB3+GE3 -> 4608 | GG3: =ROUND(FY3-GF3,0) -> 0 | GH3: =GG3*0.04 -> 0 | GI3: =ROUNDUP(GG3+GH3,0) -> 0
A4: =_xlfn.AGGREGATE(3,5,$B$2:B4) -> 3 | B4: teachers103 | C4: RAGHABENDRA KOLEY | D4: BANCHARAM ROY PRIMARY SCHOOL | E4: WBTPTA | F4: 50000 | G4: 0 | H4: 45900 | I4: =H4*0.1 -> 4590 | J4: =H4*0.12 -> 5508 | K4: 0 | L4: 500 | M4: =SUM(H4:L4) -> 56498 | N4: 3000 | O4: 0 | P4: =IF($F4=50000,0,IF(M4>40000,200,IF(M4>25000,150,IF(M4>15000,130,IF(M4>10000,110,0))))) -> 0 | Q4: =M4-N4-O4-P4 -> 53498 | R4: 45900 | S4: =R4*0.1 -> 4590 | T4: =R4*0.12 -> 5508 | U4: 0 | V4: 500 | W4: =SUM(R4:V4) -> 56498 | X4: 3000 | Y4: 0 | Z4: =IF($F4=50000,0,IF(W4>40000,200,IF(W4>25000,150,IF(W4>15000,130,IF(W4>10000,110,0))))) -> 0 | AA4: =W4-X4-Y4-Z4 -> 53498 | AB4: 45900 | AC4: =AB4*0.14 -> 6426 | AD4: =AB4*0.12 -> 5508 | AE4: 0 | AF4: 500 | AG4: =SUM(AB4:AF4) -> 58334 | AH4: 3000 | AI4: 0 | AJ4: =IF($F4=50000,0,IF(AG4>40000,200,IF(AG4>25000,150,IF(AG4>15000,130,IF(AG4>10000,110,0))))) -> 0 | AK4: =AG4-AH4-AI4-AJ4 -> 55334 | AL4: 45900 | AM4: =AL4*0.14 -> 6426 | AN4: =AL4*0.12 -> 5508 | AO4: 0 | AP4: 500 | AQ4: =SUM(AL4:AP4) -> 58334 | AR4: 3000 | AS4: 0 | AT4: =IF($F4=50000,0,IF(AQ4>40000,200,IF(AQ4>25000,150,IF(AQ4>15000,130,IF(AQ4>10000,110,0))))) -> 0 | AU4: =AQ4-AR4-AS4-AT4 -> 55334 | AV4: 47300 | AW4: =AV4*0.14 -> 6622 | AX4: =R4*0.04 -> 1836 | AY4: =AV4*0.12 -> 5676 | AZ4: 0 | BA4: 500 | BB4: =SUM(AV4:BA4) -> 61934 | BC4: 3000 | BD4: 0 | BE4: =IF($F4=50000,0,IF(BB4>40000,200,IF(BB4>25000,150,IF(BB4>15000,130,IF(BB4>10000,110,0))))) -> 0 | BF4: =BB4-BC4-BD4-BE4 -> 58934 | BG4: 47300 | BH4: =BG4*0.14 -> 6622 | BI4: =BG4*0.12 -> 5676 | BJ4: 0 | BK4: 500 | BL4: =SUM(BG4:BK4) -> 60098 | BM4: 3000 | BN4: 0 | BO4: =IF($F4=50000,0,IF(BL4>40000,200,IF(BL4>25000,150,IF(BL4>15000,130,IF(BL4>10000,110,0))))) -> 0 | BP4: =BL4-BM4-BN4-BO4 -> 57098 | BQ4: 47300 | BR4: =BQ4*0.14 -> 6622 | BS4: =BQ4*0.12 -> 5676 | BT4: 0 | BU4: 500 | BV4: =SUM(BQ4:BU4) -> 60098 | BW4: 3000 | BX4: 0 | BY4: =IF($F4=50000,0,IF(BV4>40000,200,IF(BV4>25000,150,IF(BV4>15000,130,IF(BV4>10000,110,0))))) -> 0 | BZ4: =BV4-BW4-BX4-BY4 -> 57098 | CA4: 47300 | CB4: =CA4*0.14 -> 6622 | CC4: =CA4*0.12 -> 5676 | CD4: 0 | CE4: 500 | CF4: =SUM(CA4:CE4) -> 60098 | CG4: 3000 | CH4: 0 | CI4: =IF($F4=50000,0,IF(CF4>40000,200,IF(CF4>25000,150,IF(CF4>15000,130,IF(CF4>10000,110,0))))) -> 0 | CJ4: =CF4-CG4-CH4-CI4 -> 57098 | CK4: 47300 | CL4: =CK4*0.14 -> 6622 | CM4: =CK4*0.12 -> 5676 | CN4: 0 | CO4: 500 | CP4: =SUM(CK4:CO4) -> 60098 | CQ4: 3000 | CR4: 0 | CS4: =IF($F4=50000,0,IF(CP4>40000,200,IF(CP4>25000,150,IF(CP4>15000,130,IF(CP4>10000,110,0))))) -> 0 | CT4: =CP4-CQ4-CR4-CS4 -> 57098 | CU4: 47300 | CV4: =ROUND(CU4*0.14,0) -> 6622 | CW4: =ROUND(CU4*0.12,0) -> 5676 | CX4: 0 | CY4: 500 | CZ4: =SUM(CU4:CY4) -> 60098 | DA4: 3000 | DB4: 0 | DC4: =IF($F4=50000,0,IF(CZ4>40000,200,IF(CZ4>25000,150,IF(CZ4>15000,130,IF(CZ4>10000,110,0))))) -> 0 | DD4: =CZ4-DA4-DB4-DC4 -> 57098 | DE4: 47300 | DF4: =DE4*0.14 -> 6622 | DG4: =DE4*0.12 -> 5676 | DH4: 0 | DI4: 500 | DJ4: =SUM(DE4:DI4) -> 60098 | DK4: 3000 | DL4: 0 | DM4: =IF($F4=50000,0,IF(DJ4>40000,200,IF(DJ4>25000,150,IF(DJ4>15000,130,IF(DJ4>10000,110,0))))) -> 0 | DN4: =DJ4-DK4-DL4-DM4 -> 57098 | DO4: 47300 | DP4: =DO4*0.14 -> 6622 | DQ4: =DO4*0.12 -> 5676 | DR4: 0 | DS4: 500 | DT4: =SUM(DO4:DS4) -> 60098 | DU4: 3000 | DV4: 0 | DW4: =IF($F4=50000,0,IF(DT4>40000,200,IF(DT4>25000,150,IF(DT4>15000,130,IF(DT4>10000,110,0))))) -> 0 | DX4: =DT4-DU4-DV4-DW4 -> 57098 | DY4: =DT4+DJ4+CZ4+CP4+CF4+BV4+BL4+BB4+AQ4+AG4+W4+M4+G4 -> 712284 | DZ4: =DW4+DM4+DC4+CS4+CI4+BY4+BO4+BE4+AT4+AJ4+Z4+P4 -> 0 | EA4: =IF(DY4>0,50000,0) -> 50000 | EB4: 0 | EC4: =DY4-DZ4-EA4 -> 662284 | ED4: =DU4+DK4+DA4+CQ4+CG4+BW4+BM4+BC4+AR4+AH4+X4+N4 -> 36000 | EE4: =DV4+DL4+DB4+CR4+CH4+BX4+BN4+BD4+AS4+AI4+Y4+O4 -> 0 | EF4: 0 | EG4: 0 | EH4: 0 | EI4: 0 | EJ4: 0 | EK4: 0 | EL4: 0 | EM4: 0 | EN4: 0 | EO4: 0 | EP4: =SUM(ED4:EO4) -> 36000 | EQ4: =IF(EP4>=150000,150000,EP4) -> 36000 | ER4: =EC4-EQ4 -> 626284 | ES4: 0 | ET4: 0 | EU4: 0 | EV4: 0 | EW4: 0 | EX4: 0 | EY4: 0 | EZ4: =SUM(ES4:EY4)+F4 -> 50000 | FA4: =ER4-EZ4 -> 576284 | FB4: =ROUND(IF(FA4>0,IF(FA4>500000,12500,(FA4-250000)*0.05),0),0) -> 12500 | FC4: =IF(ROUND(IF(FA4>0,IF(FA4>1000000,25000,(FA4-500000)*0.2),0),0)<0,0,ROUND(IF(FA4>0,IF(FA4>1000000,25000,(FA4-500000)*0.2),0),0)) -> 15257 | FD4: =FB4+FC4 -> 27757 | FE4: =IF(FD4<12500,0,FD4) -> 27757 | FF4: =FE4*0.04 -> 1110.28 | FG4: =ROUND(FF4+FE4,0) -> 28867 | FH4: 0 | FI4: =FG4-FH4 -> 28867 | FJ4: =IF(DY4>500000,TRUE,FALSE) -> TRUE | FK4: =IF(FJ4,RANDBETWEEN(500,1000),RANDBETWEEN(1000,3000)) -> 543 | FL4: =DY4+FK4 -> 712827 | FM4: =IF(DY4>0,75000,0) -> 75000 | FN4: =FL4-FM4 -> 637827 | FO4: =IF(FN4>1500000,FN4-1500000,0) -> 0 | FP4: =FO4*0.3 -> 0 | FQ4: =IF(FN4>1200000,FN4-1200000-FO4,0) -> 0 | FR4: =FQ4*0.2 -> 0 | FS4: =IF(FN4>1000000,FN4-1000000-F4-FQ4,0) -> 0 | FT4: =FS4*0.15 -> 0 | FU4: =IF(FN4>700000,FN4-700000-FO4-FQ4-FS4,0) -> 0 | FV4: =FU4*0.1 -> 0 | FW4: =IF(FN4>300000,FN4-300000-FO4-FQ4-FS4-FU4,0) -> 337827 | FX4: =FW4*0.05 -> 16891.35 | FY4: =ROUND(FP4+FR4+FT4+FV4+FX4,0) -> 16891 | FZ4: =IF(FN4>700000,FN4,0) -> 0 | GA4: =IF(FN4>700000,FZ4-700000,0) -> 0 | GB4: =IF(FN4<700001,MIN(FY4,25000),0) -> 16891 | GC4: =IF(FN4>700000,FY4-GA4,0) -> 0 | GD4: =IF(GC4>0,TRUE,FALSE) -> FALSE | GE4: =IF(GD4,GC4,0) -> 0 | GF4: =GB4+GE4 -> 16891 | GG4: =ROUND(FY4-GF4,0) -> 0 | GH4: =GG4*0.04 -> 0 | GI4: =ROUNDUP(GG4+GH4,0) -> 0
A5: =_xlfn.AGGREGATE(3,5,$B$2:B5) -> 4 | B5: teachers104 | C5: AVISHEK CHOWDHURY | D5: BANCHARAM ROY PRIMARY SCHOOL | E5: WBTPTA | F5: 0 | G5: 0 | H5: 24700 | I5: =H5*0.1 -> 2470 | J5: =H5*0.12 -> 2964 | K5: 0 | L5: 500 | M5: =SUM(H5:L5) -> 30634 | N5: 0 | O5: 0 | P5: =IF($F5=50000,0,IF(M5>40000,200,IF(M5>25000,150,IF(M5>15000,130,IF(M5>10000,110,0))))) -> 150 | Q5: =M5-N5-O5-P5 -> 30484 | R5: 24700 | S5: =R5*0.1 -> 2470 | T5: =R5*0.12 -> 2964 | U5: 0 | V5: 500 | W5: =SUM(R5:V5) -> 30634 | X5: 0 | Y5: 0 | Z5: =IF($F5=50000,0,IF(W5>40000,200,IF(W5>25000,150,IF(W5>15000,130,IF(W5>10000,110,0))))) -> 150 | AA5: =W5-X5-Y5-Z5 -> 30484 | AB5: 24700 | AC5: =AB5*0.14 -> 3458 | AD5: =AB5*0.12 -> 2964 | AE5: 0 | AF5: 500 | AG5: =SUM(AB5:AF5) -> 31622 | AH5: 0 | AI5: 0 | AJ5: =IF($F5=50000,0,IF(AG5>40000,200,IF(AG5>25000,150,IF(AG5>15000,130,IF(AG5>10000,110,0))))) -> 150 | AK5: =AG5-AH5-AI5-AJ5 -> 31472 | AL5: 24700 | AM5: =AL5*0.14 -> 3458 | AN5: =AL5*0.12 -> 2964 | AO5: 0 | AP5: 500 | AQ5: =SUM(AL5:AP5) -> 31622 | AR5: 0 | AS5: 0 | AT5: =IF($F5=50000,0,IF(AQ5>40000,200,IF(AQ5>25000,150,IF(AQ5>15000,130,IF(AQ5>10000,110,0))))) -> 150 | AU5: =AQ5-AR5-AS5-AT5 -> 31472 | AV5: 25400 | AW5: =AV5*0.14 -> 3556 | AX5: =R5*0.04 -> 988 | AY5: =AV5*0.12 -> 3048 | AZ5: 0 | BA5: 500 | BB5: =SUM(AV5:BA5) -> 33492 | BC5: 0 | BD5: 0 | BE5: =IF($F5=50000,0,IF(BB5>40000,200,IF(BB5>25000,150,IF(BB5>15000,130,IF(BB5>10000,110,0))))) -> 150 | BF5: =BB5-BC5-BD5-BE5 -> 33342 | BG5: 25400 | BH5: =BG5*0.14 -> 3556 | BI5: =BG5*0.12 -> 3048 | BJ5: 0 | BK5: 500 | BL5: =SUM(BG5:BK5) -> 32504 | BM5: 0 | BN5: 0 | BO5: =IF($F5=50000,0,IF(BL5>40000,200,IF(BL5>25000,150,IF(BL5>15000,130,IF(BL5>10000,110,0))))) -> 150 | BP5: =BL5-BM5-BN5-BO5 -> 32354 | BQ5: 25400 | BR5: =BQ5*0.14 -> 3556 | BS5: =BQ5*0.12 -> 3048 | BT5: 0 | BU5: 500 | BV5: =SUM(BQ5:BU5) -> 32504 | BW5: 0 | BX5: 0 | BY5: =IF($F5=50000,0,IF(BV5>40000,200,IF(BV5>25000,150,IF(BV5>15000,130,IF(BV5>10000,110,0))))) -> 150 | BZ5: =BV5-BW5-BX5-BY5 -> 32354 | CA5: 25400 | CB5: =CA5*0.14 -> 3556 | CC5: =CA5*0.12 -> 3048 | CD5: 0 | CE5: 500 | CF5: =SUM(CA5:CE5) -> 32504 | CG5: 0 | CH5: 0 | CI5: =IF($F5=50000,0,IF(CF5>40000,200,IF(CF5>25000,150,IF(CF5>15000,130,IF(CF5>10000,110,0))))) -> 150 | CJ5: =CF5-CG5-CH5-CI5 -> 32354 | CK5: 25400 | CL5: =CK5*0.14 -> 3556 | CM5: =CK5*0.12 -> 3048 | CN5: 0 | CO5: 500 | CP5: =SUM(CK5:CO5) -> 32504 | CQ5: 2000 | CR5: 0 | CS5: =IF($F5=50000,0,IF(CP5>40000,200,IF(CP5>25000,150,IF(CP5>15000,130,IF(CP5>10000,110,0))))) -> 150 | CT5: =CP5-CQ5-CR5-CS5 -> 30354 | CU5: 25400 | CV5: =ROUND(CU5*0.14,0) -> 3556 | CW5: =ROUND(CU5*0.12,0) -> 3048 | CX5: 0 | CY5: 500 | CZ5: =SUM(CU5:CY5) -> 32504 | DA5: 2000 | DB5: 0 | DC5: =IF($F5=50000,0,IF(CZ5>40000,200,IF(CZ5>25000,150,IF(CZ5>15000,130,IF(CZ5>10000,110,0))))) -> 150 | DD5: =CZ5-DA5-DB5-DC5 -> 30354 | DE5: 25400 | DF5: =DE5*0.14 -> 3556 | DG5: =DE5*0.12 -> 3048 | DH5: 0 | DI5: 500 | DJ5: =SUM(DE5:DI5) -> 32504 | DK5: 2000 | DL5: 0 | DM5: =IF($F5=50000,0,IF(DJ5>40000,200,IF(DJ5>25000,150,IF(DJ5>15000,130,IF(DJ5>10000,110,0))))) -> 150 | DN5: =DJ5-DK5-DL5-DM5 -> 30354 | DO5: 25400 | DP5: =DO5*0.14 -> 3556 | DQ5: =DO5*0.12 -> 3048 | DR5: 0 | DS5: 500 | DT5: =SUM(DO5:DS5) -> 32504 | DU5: 2000 | DV5: 0 | DW5: =IF($F5=50000,0,IF(DT5>40000,200,IF(DT5>25000,150,IF(DT5>15000,130,IF(DT5>10000,110,0))))) -> 150 | DX5: =DT5-DU5-DV5-DW5 -> 30354 | DY5: =DT5+DJ5+CZ5+CP5+CF5+BV5+BL5+BB5+AQ5+AG5+W5+M5+G5 -> 385532 | DZ5: =DW5+DM5+DC5+CS5+CI5+BY5+BO5+BE5+AT5+AJ5+Z5+P5 -> 1800 | EA5: =IF(DY5>0,50000,0) -> 50000 | EB5: 0 | EC5: =DY5-DZ5-EA5 -> 333732 | ED5: =DU5+DK5+DA5+CQ5+CG5+BW5+BM5+BC5+AR5+AH5+X5+N5 -> 8000 | EE5: =DV5+DL5+DB5+CR5+CH5+BX5+BN5+BD5+AS5+AI5+Y5+O5 -> 0 | EF5: 0 | EG5: 0 | EH5: 0 | EI5: 0 | EJ5: 0 | EK5: 0 | EL5: 0 | EM5: 0 | EN5: 0 | EO5: 0 | EP5: =SUM(ED5:EO5) -> 8000 | EQ5: =IF(EP5>=150000,150000,EP5) -> 8000 | ER5: =EC5-EQ5 -> 325732 | ES5: 0 | ET5: 0 | EU5: 0 | EV5: 0 | EW5: 0 | EX5: 0 | EY5: 0 | EZ5: =SUM(ES5:EY5)+F5 -> 0 | FA5: =ER5-EZ5 -> 325732 | FB5: =ROUND(IF(FA5>0,IF(FA5>500000,12500,(FA5-250000)*0.05),0),0) -> 3787 | FC5: =IF(ROUND(IF(FA5>0,IF(FA5>1000000,25000,(FA5-500000)*0.2),0),0)<0,0,ROUND(IF(FA5>0,IF(FA5>1000000,25000,(FA5-500000)*0.2),0),0)) -> 0 | FD5: =FB5+FC5 -> 3787 | FE5: =IF(FD5<12500,0,FD5) -> 0 | FF5: =FE5*0.04 -> 0 | FG5: =ROUND(FF5+FE5,0) -> 0 | FH5: 0 | FI5: =FG5-FH5 -> 0 | FJ5: =IF(DY5>500000,TRUE,FALSE) -> FALSE | FK5: =IF(FJ5,RANDBETWEEN(500,1000),RANDBETWEEN(1000,3000)) -> 1327 | FL5: =DY5+FK5 -> 386859 | FM5: =IF(DY5>0,75000,0) -> 75000 | FN5: =FL5-FM5 -> 311859 | FO5: =IF(FN5>1500000,FN5-1500000,0) -> 0 | FP5: =FO5*0.3 -> 0 | FQ5: =IF(FN5>1200000,FN5-1200000-FO5,0) -> 0 | FR5: =FQ5*0.2 -> 0 | FS5: =IF(FN5>1000000,FN5-1000000-F5-FQ5,0) -> 0 | FT5: =FS5*0.15 -> 0 | FU5: =IF(FN5>700000,FN5-700000-FO5-FQ5-FS5,0) -> 0 | FV5: =FU5*0.1 -> 0 | FW5: =IF(FN5>300000,FN5-300000-FO5-FQ5-FS5-FU5,0) -> 11859 | FX5: =FW5*0.05 -> 592.95 | FY5: =ROUND(FP5+FR5+FT5+FV5+FX5,0) -> 593 | FZ5: =IF(FN5>700000,FN5,0) -> 0 | GA5: =IF(FN5>700000,FZ5-700000,0) -> 0 | GB5: =IF(FN5<700001,MIN(FY5,25000),0) -> 593 | GC5: =IF(FN5>700000,FY5-GA5,0) -> 0 | GD5: =IF(GC5>0,TRUE,FALSE) -> FALSE | GE5: =IF(GD5,GC5,0) -> 0 | GF5: =GB5+GE5 -> 593 | GG5: =ROUND(FY5-GF5,0) -> 0 | GH5: =GG5*0.04 -> 0 | GI5: =ROUNDUP(GG5+GH5,0) -> 0
A6: =_xlfn.AGGREGATE(3,5,$B$2:B6) -> 5 | B6: teachers105 | C6: AMIT RIT | D6: BAR GAZIPUR PRIMARY SCHOOL | E6: ABPTA | F6: 0 | G6: 6000 | H6: 32500 | I6: =H6*0.1 -> 3250 | J6: =H6*0.12 -> 3900 | K6: 400 | L6: 500 | M6: =SUM(H6:L6) -> 40550 | N6: 4000 | O6: 0 | P6: =IF($F6=50000,0,IF(M6>40000,200,IF(M6>25000,150,IF(M6>15000,130,IF(M6>10000,110,0))))) -> 200 | Q6: =M6-N6-O6-P6 -> 36350 | R6: 32500 | S6: =R6*0.1 -> 3250 | T6: =R6*0.12 -> 3900 | U6: 400 | V6: 500 | W6: =SUM(R6:V6) -> 40550 | X6: 4000 | Y6: 0 | Z6: =IF($F6=50000,0,IF(W6>40000,200,IF(W6>25000,150,IF(W6>15000,130,IF(W6>10000,110,0))))) -> 200 | AA6: =W6-X6-Y6-Z6 -> 36350 | AB6: 32500 | AC6: =AB6*0.14 -> 4550 | AD6: =AB6*0.12 -> 3900 | AE6: 400 | AF6: 500 | AG6: =SUM(AB6:AF6) -> 41850 | AH6: 4000 | AI6: 0 | AJ6: =IF($F6=50000,0,IF(AG6>40000,200,IF(AG6>25000,150,IF(AG6>15000,130,IF(AG6>10000,110,0))))) -> 200 | AK6: =AG6-AH6-AI6-AJ6 -> 37650 | AL6: 32500 | AM6: =AL6*0.14 -> 4550 | AN6: =AL6*0.12 -> 3900 | AO6: 400 | AP6: 500 | AQ6: =SUM(AL6:AP6) -> 41850 | AR6: 4000 | AS6: 0 | AT6: =IF($F6=50000,0,IF(AQ6>40000,200,IF(AQ6>25000,150,IF(AQ6>15000,130,IF(AQ6>10000,110,0))))) -> 200 | AU6: =AQ6-AR6-AS6-AT6 -> 37650 | AV6: 34500 | AW6: =AV6*0.14 -> 4830 | AX6: =R6*0.04 -> 1300 | AY6: =AV6*0.12 -> 4140 | AZ6: 400 | BA6: 500 | BB6: =SUM(AV6:BA6) -> 45670 | BC6: 4000 | BD6: 0 | BE6: =IF($F6=50000,0,IF(BB6>40000,200,IF(BB6>25000,150,IF(BB6>15000,130,IF(BB6>10000,110,0))))) -> 200 | BF6: =BB6-BC6-BD6-BE6 -> 41470 | BG6: 34500 | BH6: =BG6*0.14 -> 4830 | BI6: =BG6*0.12 -> 4140 | BJ6: 400 | BK6: 500 | BL6: =SUM(BG6:BK6) -> 44370 | BM6: 4000 | BN6: 0 | BO6: =IF($F6=50000,0,IF(BL6>40000,200,IF(BL6>25000,150,IF(BL6>15000,130,IF(BL6>10000,110,0))))) -> 200 | BP6: =BL6-BM6-BN6-BO6 -> 40170 | BQ6: 34500 | BR6: =BQ6*0.14 -> 4830 | BS6: =BQ6*0.12 -> 4140 | BT6: 400 | BU6: 500 | BV6: =SUM(BQ6:BU6) -> 44370 | BW6: 4000 | BX6: 0 | BY6: =IF($F6=50000,0,IF(BV6>40000,200,IF(BV6>25000,150,IF(BV6>15000,130,IF(BV6>10000,110,0))))) -> 200 | BZ6: =BV6-BW6-BX6-BY6 -> 40170 | CA6: 34500 | CB6: =CA6*0.14 -> 4830 | CC6: =CA6*0.12 -> 4140 | CD6: 400 | CE6: 500 | CF6: =SUM(CA6:CE6) -> 44370 | CG6: 4000 | CH6: 0 | CI6: =IF($F6=50000,0,IF(CF6>40000,200,IF(CF6>25000,150,IF(CF6>15000,130,IF(CF6>10000,110,0))))) -> 200 | CJ6: =CF6-CG6-CH6-CI6 -> 40170 | CK6: 34500 | CL6: =CK6*0.14 -> 4830 | CM6: =CK6*0.12 -> 4140 | CN6: 400 | CO6: 500 | CP6: =SUM(CK6:CO6) -> 44370 | CQ6: 4000 | CR6: 0 | CS6: =IF($F6=50000,0,IF(CP6>40000,200,IF(CP6>25000,150,IF(CP6>15000,130,IF(CP6>10000,110,0))))) -> 200 | CT6: =CP6-CQ6-CR6-CS6 -> 40170 | CU6: 34500 | CV6: =ROUND(CU6*0.14,0) -> 4830 | CW6: =ROUND(CU6*0.12,0) -> 4140 | CX6: 400 | CY6: 500 | CZ6: =SUM(CU6:CY6) -> 44370 | DA6: 4000 | DB6: 0 | DC6: =IF($F6=50000,0,IF(CZ6>40000,200,IF(CZ6>25000,150,IF(CZ6>15000,130,IF(CZ6>10000,110,0))))) -> 200 | DD6: =CZ6-DA6-DB6-DC6 -> 40170 | DE6: 34500 | DF6: =DE6*0.14 -> 4830 | DG6: =DE6*0.12 -> 4140 | DH6: 400 | DI6: 500 | DJ6: =SUM(DE6:DI6) -> 44370 | DK6: 4000 | DL6: 0 | DM6: =IF($F6=50000,0,IF(DJ6>40000,200,IF(DJ6>25000,150,IF(DJ6>15000,130,IF(DJ6>10000,110,0))))) -> 200 | DN6: =DJ6-DK6-DL6-DM6 -> 40170 | DO6: 34500 | DP6: =DO6*0.14 -> 4830 | DQ6: =DO6*0.12 -> 4140 | DR6: 400 | DS6: 500 | DT6: =SUM(DO6:DS6) -> 44370 | DU6: 4000 | DV6: 0 | DW6: =IF($F6=50000,0,IF(DT6>40000,200,IF(DT6>25000,150,IF(DT6>15000,130,IF(DT6>10000,110,0))))) -> 200 | DX6: =DT6-DU6-DV6-DW6 -> 40170 | DY6: =DT6+DJ6+CZ6+CP6+CF6+BV6+BL6+BB6+AQ6+AG6+W6+M6+G6 -> 527060 | DZ6: =DW6+DM6+DC6+CS6+CI6+BY6+BO6+BE6+AT6+AJ6+Z6+P6 -> 2400 | EA6: =IF(DY6>0,50000,0) -> 50000 | EB6: 0 | EC6: =DY6-DZ6-EA6 -> 474660 | ED6: =DU6+DK6+DA6+CQ6+CG6+BW6+BM6+BC6+AR6+AH6+X6+N6 -> 48000 | EE6: =DV6+DL6+DB6+CR6+CH6+BX6+BN6+BD6+AS6+AI6+Y6+O6 -> 0 | EF6: 0 | EG6: 0 | EH6: 0 | EI6: 0 | EJ6: 0 | EK6: 0 | EL6: 0 | EM6: 0 | EN6: 0 | EO6: 0 | EP6: =SUM(ED6:EO6) -> 48000 | EQ6: =IF(EP6>=150000,150000,EP6) -> 48000 | ER6: =EC6-EQ6 -> 426660 | ES6: 0 | ET6: 0 | EU6: 0 | EV6: 0 | EW6: 0 | EX6: 0 | EY6: 0 | EZ6: =SUM(ES6:EY6)+F6 -> 0 | FA6: =ER6-EZ6 -> 426660 | FB6: =ROUND(IF(FA6>0,IF(FA6>500000,12500,(FA6-250000)*0.05),0),0) -> 8833 | FC6: =IF(ROUND(IF(FA6>0,IF(FA6>1000000,25000,(FA6-500000)*0.2),0),0)<0,0,ROUND(IF(FA6>0,IF(FA6>1000000,25000,(FA6-500000)*0.2),0),0)) -> 0 | FD6: =FB6+FC6 -> 8833 | FE6: =IF(FD6<12500,0,FD6) -> 0 | FF6: =FE6*0.04 -> 0 | FG6: =ROUND(FF6+FE6,0) -> 0 | FH6: 0 | FI6: =FG6-FH6 -> 0 | FJ6: =IF(DY6>500000,TRUE,FALSE) -> TRUE | FK6: =IF(FJ6,RANDBETWEEN(500,1000),RANDBETWEEN(1000,3000)) -> 925 | FL6: =DY6+FK6 -> 527985 | FM6: =IF(DY6>0,75000,0) -> 75000 | FN6: =FL6-FM6 -> 452985 | FO6: =IF(FN6>1500000,FN6-1500000,0) -> 0 | FP6: =FO6*0.3 -> 0 | FQ6: =IF(FN6>1200000,FN6-1200000-FO6,0) -> 0 | FR6: =FQ6*0.2 -> 0 | FS6: =IF(FN6>1000000,FN6-1000000-F6-FQ6,0) -> 0 | FT6: =FS6*0.15 -> 0 | FU6: =IF(FN6>700000,FN6-700000-FO6-FQ6-FS6,0) -> 0 | FV6: =FU6*0.1 -> 0 | FW6: =IF(FN6>300000,FN6-300000-FO6-FQ6-FS6-FU6,0) -> 152985 | FX6: =FW6*0.05 -> 7649.25 | FY6: =ROUND(FP6+FR6+FT6+FV6+FX6,0) -> 7649 | FZ6: =IF(FN6>700000,FN6,0) -> 0 | GA6: =IF(FN6>700000,FZ6-700000,0) -> 0 | GB6: =IF(FN6<700001,MIN(FY6,25000),0) -> 7649 | GC6: =IF(FN6>700000,FY6-GA6,0) -> 0 | GD6: =IF(GC6>0,TRUE,FALSE) -> FALSE | GE6: =IF(GD6,GC6,0) -> 0 | GF6: =GB6+GE6 -> 7649 | GG6: =ROUND(FY6-GF6,0) -> 0 | GH6: =GG6*0.04 -> 0 | GI6: =ROUNDUP(GG6+GH6,0) -> 0
A7: =_xlfn.AGGREGATE(3,5,$B$2:B7) -> 6 | B7: teachers106 | C7: TAPAS KARMAKAR | D7: BAR GAZIPUR PRIMARY SCHOOL | E7: WBTPTA | F7: 0 | G7: 6000 | H7: 26200 | I7: =H7*0.1 -> 2620 | J7: =H7*0.12 -> 3144 | K7: 0 | L7: 500 | M7: =SUM(H7:L7) -> 32464 | N7: 2000 | O7: 0 | P7: =IF($F7=50000,0,IF(M7>40000,200,IF(M7>25000,150,IF(M7>15000,130,IF(M7>10000,110,0))))) -> 150 | Q7: =M7-N7-O7-P7 -> 30314 | R7: 26200 | S7: =R7*0.1 -> 2620 | T7: =R7*0.12 -> 3144 | U7: 0 | V7: 500 | W7: =SUM(R7:V7) -> 32464 | X7: 2000 | Y7: 0 | Z7: =IF($F7=50000,0,IF(W7>40000,200,IF(W7>25000,150,IF(W7>15000,130,IF(W7>10000,110,0))))) -> 150 | AA7: =W7-X7-Y7-Z7 -> 30314 | AB7: 26200 | AC7: =AB7*0.14 -> 3668 | AD7: =AB7*0.12 -> 3144 | AE7: 0 | AF7: 500 | AG7: =SUM(AB7:AF7) -> 33512 | AH7: 2000 | AI7: 0 | AJ7: =IF($F7=50000,0,IF(AG7>40000,200,IF(AG7>25000,150,IF(AG7>15000,130,IF(AG7>10000,110,0))))) -> 150 | AK7: =AG7-AH7-AI7-AJ7 -> 31362 | AL7: 26200 | AM7: =AL7*0.14 -> 3668 | AN7: =AL7*0.12 -> 3144 | AO7: 0 | AP7: 500 | AQ7: =SUM(AL7:AP7) -> 33512 | AR7: 2000 | AS7: 0 | AT7: =IF($F7=50000,0,IF(AQ7>40000,200,IF(AQ7>25000,150,IF(AQ7>15000,130,IF(AQ7>10000,110,0))))) -> 150 | AU7: =AQ7-AR7-AS7-AT7 -> 31362 | AV7: 27000 | AW7: =AV7*0.14 -> 3780 | AX7: =R7*0.04 -> 1048 | AY7: =AV7*0.12 -> 3240 | AZ7: 0 | BA7: 500 | BB7: =SUM(AV7:BA7) -> 35568 | BC7: 2000 | BD7: 0 | BE7: =IF($F7=50000,0,IF(BB7>40000,200,IF(BB7>25000,150,IF(BB7>15000,130,IF(BB7>10000,110,0))))) -> 150 | BF7: =BB7-BC7-BD7-BE7 -> 33418 | BG7: 27000 | BH7: =BG7*0.14 -> 3780 | BI7: =BG7*0.12 -> 3240 | BJ7: 0 | BK7: 500 | BL7: =SUM(BG7:BK7) -> 34520 | BM7: 2000 | BN7: 0 | BO7: =IF($F7=50000,0,IF(BL7>40000,200,IF(BL7>25000,150,IF(BL7>15000,130,IF(BL7>10000,110,0))))) -> 150 | BP7: =BL7-BM7-BN7-BO7 -> 32370 | BQ7: 27000 | BR7: =BQ7*0.14 -> 3780 | BS7: =BQ7*0.12 -> 3240 | BT7: 0 | BU7: 500 | BV7: =SUM(BQ7:BU7) -> 34520 | BW7: 2000 | BX7: 0 | BY7: =IF($F7=50000,0,IF(BV7>40000,200,IF(BV7>25000,150,IF(BV7>15000,130,IF(BV7>10000,110,0))))) -> 150 | BZ7: =BV7-BW7-BX7-BY7 -> 32370 | CA7: 27000 | CB7: =CA7*0.14 -> 3780 | CC7: =CA7*0.12 -> 3240 | CD7: 0 | CE7: 500 | CF7: =SUM(CA7:CE7) -> 34520 | CG7: 2000 | CH7: 0 | CI7: =IF($F7=50000,0,IF(CF7>40000,200,IF(CF7>25000,150,IF(CF7>15000,130,IF(CF7>10000,110,0))))) -> 150 | CJ7: =CF7-CG7-CH7-CI7 -> 32370 | CK7: 27000 | CL7: =CK7*0.14 -> 3780 | CM7: =CK7*0.12 -> 3240 | CN7: 0 | CO7: 500 | CP7: =SUM(CK7:CO7) -> 34520 | CQ7: 2000 | CR7: 0 | CS7: =IF($F7=50000,0,IF(CP7>40000,200,IF(CP7>25000,150,IF(CP7>15000,130,IF(CP7>10000,110,0))))) -> 150 | CT7: =CP7-CQ7-CR7-CS7 -> 32370 | CU7: 27000 | CV7: =ROUND(CU7*0.14,0) -> 3780 | CW7: =ROUND(CU7*0.12,0) -> 3240 | CX7: 0 | CY7: 500 | CZ7: =SUM(CU7:CY7) -> 34520 | DA7: 2000 | DB7: 0 | DC7: =IF($F7=50000,0,IF(CZ7>40000,200,IF(CZ7>25000,150,IF(CZ7>15000,130,IF(CZ7>10000,110,0))))) -> 150 | DD7: =CZ7-DA7-DB7-DC7 -> 32370 | DE7: 27000 | DF7: =DE7*0.14 -> 3780 | DG7: =DE7*0.12 -> 3240 | DH7: 0 | DI7: 500 | DJ7: =SUM(DE7:DI7) -> 34520 | DK7: 2000 | DL7: 0 | DM7: =IF($F7=50000,0,IF(DJ7>40000,200,IF(DJ7>25000,150,IF(DJ7>15000,130,IF(DJ7>10000,110,0))))) -> 150 | DN7: =DJ7-DK7-DL7-DM7 -> 32370 | DO7: 27000 | DP7: =DO7*0.14 -> 3780 | DQ7: =DO7*0.12 -> 3240 | DR7: 0 | DS7: 500 | DT7: =SUM(DO7:DS7) -> 34520 | DU7: 2000 | DV7: 0 | DW7: =IF($F7=50000,0,IF(DT7>40000,200,IF(DT7>25000,150,IF(DT7>15000,130,IF(DT7>10000,110,0))))) -> 150 | DX7: =DT7-DU7-DV7-DW7 -> 32370 | DY7: =DT7+DJ7+CZ7+CP7+CF7+BV7+BL7+BB7+AQ7+AG7+W7+M7+G7 -> 415160 | DZ7: =DW7+DM7+DC7+CS7+CI7+BY7+BO7+BE7+AT7+AJ7+Z7+P7 -> 1800 | EA7: =IF(DY7>0,50000,0) -> 50000 | EB7: 0 | EC7: =DY7-DZ7-EA7 -> 363360 | ED7: =DU7+DK7+DA7+CQ7+CG7+BW7+BM7+BC7+AR7+AH7+X7+N7 -> 24000 | EE7: =DV7+DL7+DB7+CR7+CH7+BX7+BN7+BD7+AS7+AI7+Y7+O7 -> 0 | EF7: 0 | EG7: 0 | EH7: 0 | EI7: 0 | EJ7: 0 | EK7: 0 | EL7: 0 | EM7: 0 | EN7: 0 | EO7: 0 | EP7: =SUM(ED7:EO7) -> 24000 | EQ7: =IF(EP7>=150000,150000,EP7) -> 24000 | ER7: =EC7-EQ7 -> 339360 | ES7: 0 | ET7: 0 | EU7: 0 | EV7: 0 | EW7: 0 | EX7: 0 | EY7: 0 | EZ7: =SUM(ES7:EY7)+F7 -> 0 | FA7: =ER7-EZ7 -> 339360 | FB7: =ROUND(IF(FA7>0,IF(FA7>500000,12500,(FA7-250000)*0.05),0),0) -> 4468 | FC7: =IF(ROUND(IF(FA7>0,IF(FA7>1000000,25000,(FA7-500000)*0.2),0),0)<0,0,ROUND(IF(FA7>0,IF(FA7>1000000,25000,(FA7-500000)*0.2),0),0)) -> 0 | FD7: =FB7+FC7 -> 4468 | FE7: =IF(FD7<12500,0,FD7) -> 0 | FF7: =FE7*0.04 -> 0 | FG7: =ROUND(FF7+FE7,0) -> 0 | FH7: 0 | FI7: =FG7-FH7 -> 0 | FJ7: =IF(DY7>500000,TRUE,FALSE) -> FALSE | FK7: =IF(FJ7,RANDBETWEEN(500,1000),RANDBETWEEN(1000,3000)) -> 2295 | FL7: =DY7+FK7 -> 417455 | FM7: =IF(DY7>0,75000,0) -> 75000 | FN7: =FL7-FM7 -> 342455 | FO7: =IF(FN7>1500000,FN7-1500000,0) -> 0 | FP7: =FO7*0.3 -> 0 | FQ7: =IF(FN7>1200000,FN7-1200000-FO7,0) -> 0 | FR7: =FQ7*0.2 -> 0 | FS7: =IF(FN7>1000000,FN7-1000000-F7-FQ7,0) -> 0 | FT7: =FS7*0.15 -> 0 | FU7: =IF(FN7>700000,FN7-700000-FO7-FQ7-FS7,0) -> 0 | FV7: =FU7*0.1 -> 0 | FW7: =IF(FN7>300000,FN7-300000-FO7-FQ7-FS7-FU7,0) -> 42455 | FX7: =FW7*0.05 -> 2122.75 | FY7: =ROUND(FP7+FR7+FT7+FV7+FX7,0) -> 2123 | FZ7: =IF(FN7>700000,FN7,0) -> 0 | GA7: =IF(FN7>700000,FZ7-700000,0) -> 0 | GB7: =IF(FN7<700001,MIN(FY7,25000),0) -> 2123 | GC7: =IF(FN7>700000,FY7-GA7,0) -> 0 | GD7: =IF(GC7>0,TRUE,FALSE) -> FALSE | GE7: =IF(GD7,GC7,0) -> 0 | GF7: =GB7+GE7 -> 2123 | GG7: =ROUND(FY7-GF7,0) -> 0 | GH7: =GG7*0.04 -> 0 | GI7: =ROUNDUP(GG7+GH7,0) -> 0
A8: =_xlfn.AGGREGATE(3,5,$B$2:B8) -> 7 | B8: teachers107 | C8: BIKASH CHANDRA DALUI | D8: BER DHAIPUR PRIMARY SCHOOL | E8: WBPTA | F8: 0 | G8: 0 | H8: 45900 | I8: =H8*0.1 -> 4590 | J8: =H8*0.12 -> 5508 | K8: 400 | L8: 500 | M8: =SUM(H8:L8) -> 56898 | N8: 3000 | O8: 0 | P8: =IF($F8=50000,0,IF(M8>40000,200,IF(M8>25000,150,IF(M8>15000,130,IF(M8>10000,110,0))))) -> 200 | Q8: =M8-N8-O8-P8 -> 53698 | R8: 45900 | S8: =R8*0.1 -> 4590 | T8: =R8*0.12 -> 5508 | U8: 400 | V8: 500 | W8: =SUM(R8:V8) -> 56898 | X8: 3000 | Y8: 0 | Z8: =IF($F8=50000,0,IF(W8>40000,200,IF(W8>25000,150,IF(W8>15000,130,IF(W8>10000,110,0))))) -> 200 | AA8: =W8-X8-Y8-Z8 -> 53698 | AB8: 45900 | AC8: =AB8*0.14 -> 6426 | AD8: =AB8*0.12 -> 5508 | AE8: 400 | AF8: 500 | AG8: =SUM(AB8:AF8) -> 58734 | AH8: 3000 | AI8: 0 | AJ8: =IF($F8=50000,0,IF(AG8>40000,200,IF(AG8>25000,150,IF(AG8>15000,130,IF(AG8>10000,110,0))))) -> 200 | AK8: =AG8-AH8-AI8-AJ8 -> 55534 | AL8: 45900 | AM8: =AL8*0.14 -> 6426 | AN8: =AL8*0.12 -> 5508 | AO8: 400 | AP8: 500 | AQ8: =SUM(AL8:AP8) -> 58734 | AR8: 3000 | AS8: 0 | AT8: =IF($F8=50000,0,IF(AQ8>40000,200,IF(AQ8>25000,150,IF(AQ8>15000,130,IF(AQ8>10000,110,0))))) -> 200 | AU8: =AQ8-AR8-AS8-AT8 -> 55534 | AV8: 47300 | AW8: =AV8*0.14 -> 6622 | AX8: =R8*0.04 -> 1836 | AY8: =AV8*0.12 -> 5676 | AZ8: 400 | BA8: 500 | BB8: =SUM(AV8:BA8) -> 62334 | BC8: 3000 | BD8: 0 | BE8: =IF($F8=50000,0,IF(BB8>40000,200,IF(BB8>25000,150,IF(BB8>15000,130,IF(BB8>10000,110,0))))) -> 200 | BF8: =BB8-BC8-BD8-BE8 -> 59134 | BG8: 47300 | BH8: =BG8*0.14 -> 6622 | BI8: =BG8*0.12 -> 5676 | BJ8: 400 | BK8: 500 | BL8: =SUM(BG8:BK8) -> 60498 | BM8: 3000 | BN8: 0 | BO8: =IF($F8=50000,0,IF(BL8>40000,200,IF(BL8>25000,150,IF(BL8>15000,130,IF(BL8>10000,110,0))))) -> 200 | BP8: =BL8-BM8-BN8-BO8 -> 57298 | BQ8: 47300 | BR8: =BQ8*0.14 -> 6622 | BS8: =BQ8*0.12 -> 5676 | BT8: 400 | BU8: 500 | BV8: =SUM(BQ8:BU8) -> 60498 | BW8: 3000 | BX8: 0 | BY8: =IF($F8=50000,0,IF(BV8>40000,200,IF(BV8>25000,150,IF(BV8>15000,130,IF(BV8>10000,110,0))))) -> 200 | BZ8: =BV8-BW8-BX8-BY8 -> 57298 | CA8: 47300 | CB8: =CA8*0.14 -> 6622 | CC8: =CA8*0.12 -> 5676 | CD8: 400 | CE8: 500 | CF8: =SUM(CA8:CE8) -> 60498 | CG8: 3000 | CH8: 0 | CI8: =IF($F8=50000,0,IF(CF8>40000,200,IF(CF8>25000,150,IF(CF8>15000,130,IF(CF8>10000,110,0))))) -> 200 | CJ8: =CF8-CG8-CH8-CI8 -> 57298 | CK8: 47300 | CL8: =CK8*0.14 -> 6622 | CM8: =CK8*0.12 -> 5676 | CN8: 400 | CO8: 500 | CP8: =SUM(CK8:CO8) -> 60498 | CQ8: 3000 | CR8: 0 | CS8: =IF($F8=50000,0,IF(CP8>40000,200,IF(CP8>25000,150,IF(CP8>15000,130,IF(CP8>10000,110,0))))) -> 200 | CT8: =CP8-CQ8-CR8-CS8 -> 57298 | CU8: 47300 | CV8: =ROUND(CU8*0.14,0) -> 6622 | CW8: =ROUND(CU8*0.12,0) -> 5676 | CX8: 400 | CY8: 500 | CZ8: =SUM(CU8:CY8) -> 60498 | DA8: 3000 | DB8: 0 | DC8: =IF($F8=50000,0,IF(CZ8>40000,200,IF(CZ8>25000,150,IF(CZ8>15000,130,IF(CZ8>10000,110,0))))) -> 200 | DD8: =CZ8-DA8-DB8-DC8 -> 57298 | DE8: 47300 | DF8: =DE8*0.14 -> 6622 | DG8: =DE8*0.12 -> 5676 | DH8: 400 | DI8: 500 | DJ8: =SUM(DE8:DI8) -> 60498 | DK8: 3000 | DL8: 0 | DM8: =IF($F8=50000,0,IF(DJ8>40000,200,IF(DJ8>25000,150,IF(DJ8>15000,130,IF(DJ8>10000,110,0))))) -> 200 | DN8: =DJ8-DK8-DL8-DM8 -> 57298 | DO8: 47300 | DP8: =DO8*0.14 -> 6622 | DQ8: =DO8*0.12 -> 5676 | DR8: 400 | DS8: 500 | DT8: =SUM(DO8:DS8) -> 60498 | DU8: 3000 | DV8: 0 | DW8: =IF($F8=50000,0,IF(DT8>40000,200,IF(DT8>25000,150,IF(DT8>15000,130,IF(DT8>10000,110,0))))) -> 200 | DX8: =DT8-DU8-DV8-DW8 -> 57298 | DY8: =DT8+DJ8+CZ8+CP8+CF8+BV8+BL8+BB8+AQ8+AG8+W8+M8+G8 -> 717084 | DZ8: =DW8+DM8+DC8+CS8+CI8+BY8+BO8+BE8+AT8+AJ8+Z8+P8 -> 2400 | EA8: =IF(DY8>0,50000,0) -> 50000 | EB8: 0 | EC8: =DY8-DZ8-EA8 -> 664684 | ED8: =DU8+DK8+DA8+CQ8+CG8+BW8+BM8+BC8+AR8+AH8+X8+N8 -> 36000 | EE8: =DV8+DL8+DB8+CR8+CH8+BX8+BN8+BD8+AS8+AI8+Y8+O8 -> 0 | EF8: 0 | EG8: 0 | EH8: 0 | EI8: 0 | EJ8: 0 | EK8: 0 | EL8: 0 | EM8: 0 | EN8: 0 | EO8: 0 | EP8: =SUM(ED8:EO8) -> 36000 | EQ8: =IF(EP8>=150000,150000,EP8) -> 36000 | ER8: =EC8-EQ8 -> 628684 | ES8: 0 | ET8: 0 | EU8: 0 | EV8: 0 | EW8: 0 | EX8: 0 | EY8: 0 | EZ8: =SUM(ES8:EY8)+F8 -> 0 | FA8: =ER8-EZ8 -> 628684 | FB8: =ROUND(IF(FA8>0,IF(FA8>500000,12500,(FA8-250000)*0.05),0),0) -> 12500 | FC8: =IF(ROUND(IF(FA8>0,IF(FA8>1000000,25000,(FA8-500000)*0.2),0),0)<0,0,ROUND(IF(FA8>0,IF(FA8>1000000,25000,(FA8-500000)*0.2),0),0)) -> 25737 | FD8: =FB8+FC8 -> 38237 | FE8: =IF(FD8<12500,0,FD8) -> 38237 | FF8: =FE8*0.04 -> 1529.48 | FG8: =ROUND(FF8+FE8,0) -> 39766 | FH8: 0 | FI8: =FG8-FH8 -> 39766 | FJ8: =IF(DY8>500000,TRUE,FALSE) -> TRUE | FK8: =IF(FJ8,RANDBETWEEN(500,1000),RANDBETWEEN(1000,3000)) -> 930 | FL8: =DY8+FK8 -> 718014 | FM8: =IF(DY8>0,75000,0) -> 75000 | FN8: =FL8-FM8 -> 643014 | FO8: =IF(FN8>1500000,FN8-1500000,0) -> 0 | FP8: =FO8*0.3 -> 0 | FQ8: =IF(FN8>1200000,FN8-1200000-FO8,0) -> 0 | FR8: =FQ8*0.2 -> 0 | FS8: =IF(FN8>1000000,FN8-1000000-F8-FQ8,0) -> 0 | FT8: =FS8*0.15 -> 0 | FU8: =IF(FN8>700000,FN8-700000-FO8-FQ8-FS8,0) -> 0 | FV8: =FU8*0.1 -> 0 | FW8: =IF(FN8>300000,FN8-300000-FO8-FQ8-FS8-FU8,0) -> 343014 | FX8: =FW8*0.05 -> 17150.7 | FY8: =ROUND(FP8+FR8+FT8+FV8+FX8,0) -> 17151 | FZ8: =IF(FN8>700000,FN8,0) -> 0 | GA8: =IF(FN8>700000,FZ8-700000,0) -> 0 | GB8: =IF(FN8<700001,MIN(FY8,25000),0) -> 17151 | GC8: =IF(FN8>700000,FY8-GA8,0) -> 0 | GD8: =IF(GC8>0,TRUE,FALSE) -> FALSE | GE8: =IF(GD8,GC8,0) -> 0 | GF8: =GB8+GE8 -> 17151 | GG8: =ROUND(FY8-GF8,0) -> 0 | GH8: =GG8*0.04 -> 0 | GI8: =ROUNDUP(GG8+GH8,0) -> 0
A9: =_xlfn.AGGREGATE(3,5,$B$2:B9) -> 8 | B9: teachers108 | C9: SUPARNA GHOSH | D9: BER DHAIPUR PRIMARY SCHOOL | E9: WBTPTA | F9: 0 | G9: 6000 | H9: 32500 | I9: =H9*0.1 -> 3250 | J9: =H9*0.12 -> 3900 | K9: 0 | L9: 500 | M9: =SUM(H9:L9) -> 40150 | N9: 5000 | O9: 0 | P9: =IF($F9=50000,0,IF(M9>40000,200,IF(M9>25000,150,IF(M9>15000,130,IF(M9>10000,110,0))))) -> 200 | Q9: =M9-N9-O9-P9 -> 34950 | R9: 32500 | S9: =R9*0.1 -> 3250 | T9: =R9*0.12 -> 3900 | U9: 0 | V9: 500 | W9: =SUM(R9:V9) -> 40150 | X9: 5000 | Y9: 0 | Z9: =IF($F9=50000,0,IF(W9>40000,200,IF(W9>25000,150,IF(W9>15000,130,IF(W9>10000,110,0))))) -> 200 | AA9: =W9-X9-Y9-Z9 -> 34950 | AB9: 32500 | AC9: =AB9*0.14 -> 4550 | AD9: =AB9*0.12 -> 3900 | AE9: 0 | AF9: 500 | AG9: =SUM(AB9:AF9) -> 41450 | AH9: 5000 | AI9: 0 | AJ9: =IF($F9=50000,0,IF(AG9>40000,200,IF(AG9>25000,150,IF(AG9>15000,130,IF(AG9>10000,110,0))))) -> 200 | AK9: =AG9-AH9-AI9-AJ9 -> 36250 | AL9: 32500 | AM9: =AL9*0.14 -> 4550 | AN9: =AL9*0.12 -> 3900 | AO9: 0 | AP9: 500 | AQ9: =SUM(AL9:AP9) -> 41450 | AR9: 5000 | AS9: 0 | AT9: =IF($F9=50000,0,IF(AQ9>40000,200,IF(AQ9>25000,150,IF(AQ9>15000,130,IF(AQ9>10000,110,0))))) -> 200 | AU9: =AQ9-AR9-AS9-AT9 -> 36250 | AV9: 34500 | AW9: =AV9*0.14 -> 4830 | AX9: =R9*0.04 -> 1300 | AY9: =AV9*0.12 -> 4140 | AZ9: 0 | BA9: 500 | BB9: =SUM(AV9:BA9) -> 45270 | BC9: 5000 | BD9: 0 | BE9: =IF($F9=50000,0,IF(BB9>40000,200,IF(BB9>25000,150,IF(BB9>15000,130,IF(BB9>10000,110,0))))) -> 200 | BF9: =BB9-BC9-BD9-BE9 -> 40070 | BG9: 34500 | BH9: =BG9*0.14 -> 4830 | BI9: =BG9*0.12 -> 4140 | BJ9: 0 | BK9: 500 | BL9: =SUM(BG9:BK9) -> 43970 | BM9: 5000 | BN9: 0 | BO9: =IF($F9=50000,0,IF(BL9>40000,200,IF(BL9>25000,150,IF(BL9>15000,130,IF(BL9>10000,110,0))))) -> 200 | BP9: =BL9-BM9-BN9-BO9 -> 38770 | BQ9: 34500 | BR9: =BQ9*0.14 -> 4830 | BS9: =BQ9*0.12 -> 4140 | BT9: 0 | BU9: 500 | BV9: =SUM(BQ9:BU9) -> 43970 | BW9: 5000 | BX9: 0 | BY9: =IF($F9=50000,0,IF(BV9>40000,200,IF(BV9>25000,150,IF(BV9>15000,130,IF(BV9>10000,110,0))))) -> 200 | BZ9: =BV9-BW9-BX9-BY9 -> 38770 | CA9: 34500 | CB9: =CA9*0.14 -> 4830 | CC9: =CA9*0.12 -> 4140 | CD9: 0 | CE9: 500 | CF9: =SUM(CA9:CE9) -> 43970 | CG9: 5000 | CH9: 0 | CI9: =IF($F9=50000,0,IF(CF9>40000,200,IF(CF9>25000,150,IF(CF9>15000,130,IF(CF9>10000,110,0))))) -> 200 | CJ9: =CF9-CG9-CH9-CI9 -> 38770 | CK9: 34500 | CL9: =CK9*0.14 -> 4830 | CM9: =CK9*0.12 -> 4140 | CN9: 0 | CO9: 500 | CP9: =SUM(CK9:CO9) -> 43970 | CQ9: 5000 | CR9: 0 | CS9: =IF($F9=50000,0,IF(CP9>40000,200,IF(CP9>25000,150,IF(CP9>15000,130,IF(CP9>10000,110,0))))) -> 200 | CT9: =CP9-CQ9-CR9-CS9 -> 38770 | CU9: 34500 | CV9: =ROUND(CU9*0.14,0) -> 4830 | CW9: =ROUND(CU9*0.12,0) -> 4140 | CX9: 0 | CY9: 500 | CZ9: =SUM(CU9:CY9) -> 43970 | DA9: 5000 | DB9: 0 | DC9: =IF($F9=50000,0,IF(CZ9>40000,200,IF(CZ9>25000,150,IF(CZ9>15000,130,IF(CZ9>10000,110,0))))) -> 200 | DD9: =CZ9-DA9-DB9-DC9 -> 38770 | DE9: 34500 | DF9: =DE9*0.14 -> 4830 | DG9: =DE9*0.12 -> 4140 | DH9: 0 | DI9: 500 | DJ9: =SUM(DE9:DI9) -> 43970 | DK9: 5000 | DL9: 0 | DM9: =IF($F9=50000,0,IF(DJ9>40000,200,IF(DJ9>25000,150,IF(DJ9>15000,130,IF(DJ9>10000,110,0))))) -> 200 | DN9: =DJ9-DK9-DL9-DM9 -> 38770 | DO9: 34500 | DP9: =DO9*0.14 -> 4830 | DQ9: =DO9*0.12 -> 4140 | DR9: 0 | DS9: 500 | DT9: =SUM(DO9:DS9) -> 43970 | DU9: 5000 | DV9: 0 | DW9: =IF($F9=50000,0,IF(DT9>40000,200,IF(DT9>25000,150,IF(DT9>15000,130,IF(DT9>10000,110,0))))) -> 200 | DX9: =DT9-DU9-DV9-DW9 -> 38770 | DY9: =DT9+DJ9+CZ9+CP9+CF9+BV9+BL9+BB9+AQ9+AG9+W9+M9+G9 -> 522260 | DZ9: =DW9+DM9+DC9+CS9+CI9+BY9+BO9+BE9+AT9+AJ9+Z9+P9 -> 2400 | EA9: =IF(DY9>0,50000,0) -> 50000 | EB9: 0 | EC9: =DY9-DZ9-EA9 -> 469860 | ED9: =DU9+DK9+DA9+CQ9+CG9+BW9+BM9+BC9+AR9+AH9+X9+N9 -> 60000 | EE9: =DV9+DL9+DB9+CR9+CH9+BX9+BN9+BD9+AS9+AI9+Y9+O9 -> 0 | EF9: 0 | EG9: 0 | EH9: 0 | EI9: 0 | EJ9: 0 | EK9: 0 | EL9: 0 | EM9: 0 | EN9: 0 | EO9: 0 | EP9: =SUM(ED9:EO9) -> 60000 | EQ9: =IF(EP9>=150000,150000,EP9) -> 60000 | ER9: =EC9-EQ9 -> 409860 | ES9: 0 | ET9: 0 | EU9: 0 | EV9: 0 | EW9: 0 | EX9: 0 | EY9: 0 | EZ9: =SUM(ES9:EY9)+F9 -> 0 | FA9: =ER9-EZ9 -> 409860 | FB9: =ROUND(IF(FA9>0,IF(FA9>500000,12500,(FA9-250000)*0.05),0),0) -> 7993 | FC9: =IF(ROUND(IF(FA9>0,IF(FA9>1000000,25000,(FA9-500000)*0.2),0),0)<0,0,ROUND(IF(FA9>0,IF(FA9>1000000,25000,(FA9-500000)*0.2),0),0)) -> 0 | FD9: =FB9+FC9 -> 7993 | FE9: =IF(FD9<12500,0,FD9) -> 0 | FF9: =FE9*0.04 -> 0 | FG9: =ROUND(FF9+FE9,0) -> 0 | FH9: 0 | FI9: =FG9-FH9 -> 0 | FJ9: =IF(DY9>500000,TRUE,FALSE) -> TRUE | FK9: =IF(FJ9,RANDBETWEEN(500,1000),RANDBETWEEN(1000,3000)) -> 950 | FL9: =DY9+FK9 -> 523210 | FM9: =IF(DY9>0,75000,0) -> 75000 | FN9: =FL9-FM9 -> 448210 | FO9: =IF(FN9>1500000,FN9-1500000,0) -> 0 | FP9: =FO9*0.3 -> 0 | FQ9: =IF(FN9>1200000,FN9-1200000-FO9,0) -> 0 | FR9: =FQ9*0.2 -> 0 | FS9: =IF(FN9>1000000,FN9-1000000-F9-FQ9,0) -> 0 | FT9: =FS9*0.15 -> 0 | FU9: =IF(FN9>700000,FN9-700000-FO9-FQ9-FS9,0) -> 0 | FV9: =FU9*0.1 -> 0 | FW9: =IF(FN9>300000,FN9-300000-FO9-FQ9-FS9-FU9,0) -> 148210 | FX9: =FW9*0.05 -> 7410.5 | FY9: =ROUND(FP9+FR9+FT9+FV9+FX9,0) -> 7411 | FZ9: =IF(FN9>700000,FN9,0) -> 0 | GA9: =IF(FN9>700000,FZ9-700000,0) -> 0 | GB9: =IF(FN9<700001,MIN(FY9,25000),0) -> 7411 | GC9: =IF(FN9>700000,FY9-GA9,0) -> 0 | GD9: =IF(GC9>0,TRUE,FALSE) -> FALSE | GE9: =IF(GD9,GC9,0) -> 0 | GF9: =GB9+GE9 -> 7411 | GG9: =ROUND(FY9-GF9,0) -> 0 | GH9: =GG9*0.04 -> 0 | GI9: =ROUNDUP(GG9+GH9,0) -> 0
A10: =_xlfn.AGGREGATE(3,5,$B$2:B10) -> 9 | B10: teachers109 | C10: SOHEL REJA | D10: BER DHAIPUR PRIMARY SCHOOL | E10: WBTPTA | F10: 0 | G10: 6000 | H10: 26200 | I10: =H10*0.1 -> 2620 | J10: =H10*0.12 -> 3144 | K10: 0 | L10: 500 | M10: =SUM(H10:L10) -> 32464 | N10: 2000 | O10: 0 | P10: =IF($F10=50000,0,IF(M10>40000,200,IF(M10>25000,150,IF(M10>15000,130,IF(M10>10000,110,0))))) -> 150 | Q10: =M10-N10-O10-P10 -> 30314 | R10: 26200 | S10: =R10*0.1 -> 2620 | T10: =R10*0.12 -> 3144 | U10: 0 | V10: 500 | W10: =SUM(R10:V10) -> 32464 | X10: 2000 | Y10: 0 | Z10: =IF($F10=50000,0,IF(W10>40000,200,IF(W10>25000,150,IF(W10>15000,130,IF(W10>10000,110,0))))) -> 150 | AA10: =W10-X10-Y10-Z10 -> 30314 | AB10: 26200 | AC10: =AB10*0.14 -> 3668 | AD10: =AB10*0.12 -> 3144 | AE10: 0 | AF10: 500 | AG10: =SUM(AB10:AF10) -> 33512 | AH10: 2000 | AI10: 0 | AJ10: =IF($F10=50000,0,IF(AG10>40000,200,IF(AG10>25000,150,IF(AG10>15000,130,IF(AG10>10000,110,0))))) -> 150 | AK10: =AG10-AH10-AI10-AJ10 -> 31362 | AL10: 26200 | AM10: =AL10*0.14 -> 3668 | AN10: =AL10*0.12 -> 3144 | AO10: 0 | AP10: 500 | AQ10: =SUM(AL10:AP10) -> 33512 | AR10: 2000 | AS10: 0 | AT10: =IF($F10=50000,0,IF(AQ10>40000,200,IF(AQ10>25000,150,IF(AQ10>15000,130,IF(AQ10>10000,110,0))))) -> 150 | AU10: =AQ10-AR10-AS10-AT10 -> 31362 | AV10: 27000 | AW10: =AV10*0.14 -> 3780 | AX10: =R10*0.04 -> 1048 | AY10: =AV10*0.12 -> 3240 | AZ10: 0 | BA10: 500 | BB10: =SUM(AV10:BA10) -> 35568 | BC10: 2000 | BD10: 0 | BE10: =IF($F10=50000,0,IF(BB10>40000,200,IF(BB10>25000,150,IF(BB10>15000,130,IF(BB10>10000,110,0))))) -> 150 | BF10: =BB10-BC10-BD10-BE10 -> 33418 | BG10: 27000 | BH10: =BG10*0.14 -> 3780 | BI10: =BG10*0.12 -> 3240 | BJ10: 0 | BK10: 500 | BL10: =SUM(BG10:BK10) -> 34520 | BM10: 2000 | BN10: 0 | BO10: =IF($F10=50000,0,IF(BL10>40000,200,IF(BL10>25000,150,IF(BL10>15000,130,IF(BL10>10000,110,0))))) -> 150 | BP10: =BL10-BM10-BN10-BO10 -> 32370 | BQ10: 27000 | BR10: =BQ10*0.14 -> 3780 | BS10: =BQ10*0.12 -> 3240 | BT10: 0 | BU10: 500 | BV10: =SUM(BQ10:BU10) -> 34520 | BW10: 2000 | BX10: 0 | BY10: =IF($F10=50000,0,IF(BV10>40000,200,IF(BV10>25000,150,IF(BV10>15000,130,IF(BV10>10000,110,0))))) -> 150 | BZ10: =BV10-BW10-BX10-BY10 -> 32370 | CA10: 27000 | CB10: =CA10*0.14 -> 3780 | CC10: =CA10*0.12 -> 3240 | CD10: 0 | CE10: 500 | CF10: =SUM(CA10:CE10) -> 34520 | CG10: 2000 | CH10: 0 | CI10: =IF($F10=50000,0,IF(CF10>40000,200,IF(CF10>25000,150,IF(CF10>15000,130,IF(CF10>10000,110,0))))) -> 150 | CJ10: =CF10-CG10-CH10-CI10 -> 32370 | CK10: 27000 | CL10: =CK10*0.14 -> 3780 | CM10: =CK10*0.12 -> 3240 | CN10: 0 | CO10: 500 | CP10: =SUM(CK10:CO10) -> 34520 | CQ10: 2000 | CR10: 0 | CS10: =IF($F10=50000,0,IF(CP10>40000,200,IF(CP10>25000,150,IF(CP10>15000,130,IF(CP10>10000,110,0))))) -> 150 | CT10: =CP10-CQ10-CR10-CS10 -> 32370 | CU10: 27000 | CV10: =ROUND(CU10*0.14,0) -> 3780 | CW10: =ROUND(CU10*0.12,0) -> 3240 | CX10: 0 | CY10: 500 | CZ10: =SUM(CU10:CY10) -> 34520 | DA10: 2000 | DB10: 0 | DC10: =IF($F10=50000,0,IF(CZ10>40000,200,IF(CZ10>25000,150,IF(CZ10>15000,130,IF(CZ10>10000,110,0))))) -> 150 | DD10: =CZ10-DA10-DB10-DC10 -> 32370 | DE10: 27000 | DF10: =DE10*0.14 -> 3780 | DG10: =DE10*0.12 -> 3240 | DH10: 0 | DI10: 500 | DJ10: =SUM(DE10:DI10) -> 34520 | DK10: 2000 | DL10: 0 | DM10: =IF($F10=50000,0,IF(DJ10>40000,200,IF(DJ10>25000,150,IF(DJ10>15000,130,IF(DJ10>10000,110,0))))) -> 150 | DN10: =DJ10-DK10-DL10-DM10 -> 32370 | DO10: 27000 | DP10: =DO10*0.14 -> 3780 | DQ10: =DO10*0.12 -> 3240 | DR10: 0 | DS10: 500 | DT10: =SUM(DO10:DS10) -> 34520 | DU10: 2000 | DV10: 0 | DW10: =IF($F10=50000,0,IF(DT10>40000,200,IF(DT10>25000,150,IF(DT10>15000,130,IF(DT10>10000,110,0))))) -> 150 | DX10: =DT10-DU10-DV10-DW10 -> 32370 | DY10: =DT10+DJ10+CZ10+CP10+CF10+BV10+BL10+BB10+AQ10+AG10+W10+M10+G10 -> 415160 | DZ10: =DW10+DM10+DC10+CS10+CI10+BY10+BO10+BE10+AT10+AJ10+Z10+P10 -> 1800 | EA10: =IF(DY10>0,50000,0) -> 50000 | EB10: 0 | EC10: =DY10-DZ10-EA10 -> 363360 | ED10: =DU10+DK10+DA10+CQ10+CG10+BW10+BM10+BC10+AR10+AH10+X10+N10 -> 24000 | EE10: =DV10+DL10+DB10+CR10+CH10+BX10+BN10+BD10+AS10+AI10+Y10+O10 -> 0 | EF10: 0 | EG10: 0 | EH10: 0 | EI10: 0 | EJ10: 0 | EK10: 0 | EL10: 0 | EM10: 0 | EN10: 0 | EO10: 0 | EP10: =SUM(ED10:EO10) -> 24000 | EQ10: =IF(EP10>=150000,150000,EP10) -> 24000 | ER10: =EC10-EQ10 -> 339360 | ES10: 0 | ET10: 0 | EU10: 0 | EV10: 0 | EW10: 0 | EX10: 0 | EY10: 0 | EZ10: =SUM(ES10:EY10)+F10 -> 0 | FA10: =ER10-EZ10 -> 339360 | FB10: =ROUND(IF(FA10>0,IF(FA10>500000,12500,(FA10-250000)*0.05),0),0) -> 4468 | FC10: =IF(ROUND(IF(FA10>0,IF(FA10>1000000,25000,(FA10-500000)*0.2),0),0)<0,0,ROUND(IF(FA10>0,IF(FA10>1000000,25000,(FA10-500000)*0.2),0),0)) -> 0 | FD10: =FB10+FC10 -> 4468 | FE10: =IF(FD10<12500,0,FD10) -> 0 | FF10: =FE10*0.04 -> 0 | FG10: =ROUND(FF10+FE10,0) -> 0 | FH10: 0 | FI10: =FG10-FH10 -> 0 | FJ10: =IF(DY10>500000,TRUE,FALSE) -> FALSE | FK10: =IF(FJ10,RANDBETWEEN(500,1000),RANDBETWEEN(1000,3000)) -> 2493 | FL10: =DY10+FK10 -> 417653 | FM10: =IF(DY10>0,75000,0) -> 75000 | FN10: =FL10-FM10 -> 342653 | FO10: =IF(FN10>1500000,FN10-1500000,0) -> 0 | FP10: =FO10*0.3 -> 0 | FQ10: =IF(FN10>1200000,FN10-1200000-FO10,0) -> 0 | FR10: =FQ10*0.2 -> 0 | FS10: =IF(FN10>1000000,FN10-1000000-F10-FQ10,0) -> 0 | FT10: =FS10*0.15 -> 0 | FU10: =IF(FN10>700000,FN10-700000-FO10-FQ10-FS10,0) -> 0 | FV10: =FU10*0.1 -> 0 | FW10: =IF(FN10>300000,FN10-300000-FO10-FQ10-FS10-FU10,0) -> 42653 | FX10: =FW10*0.05 -> 2132.65 | FY10: =ROUND(FP10+FR10+FT10+FV10+FX10,0) -> 2133 | FZ10: =IF(FN10>700000,FN10,0) -> 0 | GA10: =IF(FN10>700000,FZ10-700000,0) -> 0 | GB10: =IF(FN10<700001,MIN(FY10,25000),0) -> 2133 | GC10: =IF(FN10>700000,FY10-GA10,0) -> 0 | GD10: =IF(GC10>0,TRUE,FALSE) -> FALSE | GE10: =IF(GD10,GC10,0) -> 0 | GF10: =GB10+GE10 -> 2133 | GG10: =ROUND(FY10-GF10,0) -> 0 | GH10: =GG10*0.04 -> 0 | GI10: =ROUNDUP(GG10+GH10,0) -> 0
A11: =_xlfn.AGGREGATE(3,5,$B$2:B11) -> 10 | B11: teachers110 | C11: TARUN GHARA | D11: BER DHAIPUR PRIMARY SCHOOL | E11: WBTPTA | F11: 0 | G11: 0 | H11: 0 | I11: =H11*0.1 -> 0 | J11: =H11*0.12 -> 0 | K11: 0 | L11: 0 | M11: =SUM(H11:L11) -> 0 | N11: 0 | O11: 0 | P11: =IF($F11=50000,0,IF(M11>40000,200,IF(M11>25000,150,IF(M11>15000,130,IF(M11>10000,110,0))))) -> 0 | Q11: =M11-N11-O11-P11 -> 0 | R11: 28900 | S11: =R11*0.1 -> 2890 | T11: =R11*0.12 -> 3468 | U11: 0 | V11: 500 | W11: =SUM(R11:V11) -> 35758 | X11: 0 | Y11: 0 | Z11: =IF($F11=50000,0,IF(W11>40000,200,IF(W11>25000,150,IF(W11>15000,130,IF(W11>10000,110,0))))) -> 150 | AA11: =W11-X11-Y11-Z11 -> 35608 | AB11: 28900 | AC11: =AB11*0.14 -> 4046 | AD11: =AB11*0.12 -> 3468 | AE11: 0 | AF11: 500 | AG11: =SUM(AB11:AF11) -> 36914 | AH11: 0 | AI11: 0 | AJ11: =IF($F11=50000,0,IF(AG11>40000,200,IF(AG11>25000,150,IF(AG11>15000,130,IF(AG11>10000,110,0))))) -> 150 | AK11: =AG11-AH11-AI11-AJ11 -> 36764 | AL11: 28900 | AM11: =AL11*0.14 -> 4046 | AN11: =AL11*0.12 -> 3468 | AO11: 0 | AP11: 500 | AQ11: =SUM(AL11:AP11) -> 36914 | AR11: 0 | AS11: 0 | AT11: =IF($F11=50000,0,IF(AQ11>40000,200,IF(AQ11>25000,150,IF(AQ11>15000,130,IF(AQ11>10000,110,0))))) -> 150 | AU11: =AQ11-AR11-AS11-AT11 -> 36764 | AV11: 28900 | AW11: =AV11*0.14 -> 4046 | AX11: =R11*0.04 -> 1156 | AY11: =AV11*0.12 -> 3468 | AZ11: 0 | BA11: 500 | BB11: =SUM(AV11:BA11) -> 38070 | BC11: 0 | BD11: 0 | BE11: =IF($F11=50000,0,IF(BB11>40000,200,IF(BB11>25000,150,IF(BB11>15000,130,IF(BB11>10000,110,0))))) -> 150 | BF11: =BB11-BC11-BD11-BE11 -> 37920 | BG11: 28900 | BH11: =BG11*0.14 -> 4046 | BI11: =BG11*0.12 -> 3468 | BJ11: 0 | BK11: 500 | BL11: =SUM(BG11:BK11) -> 36914 | BM11: 0 | BN11: 0 | BO11: =IF($F11=50000,0,IF(BL11>40000,200,IF(BL11>25000,150,IF(BL11>15000,130,IF(BL11>10000,110,0))))) -> 150 | BP11: =BL11-BM11-BN11-BO11 -> 36764 | BQ11: 28900 | BR11: =BQ11*0.14 -> 4046 | BS11: =BQ11*0.12 -> 3468 | BT11: 0 | BU11: 500 | BV11: =SUM(BQ11:BU11) -> 36914 | BW11: 0 | BX11: 0 | BY11: =IF($F11=50000,0,IF(BV11>40000,200,IF(BV11>25000,150,IF(BV11>15000,130,IF(BV11>10000,110,0))))) -> 150 | BZ11: =BV11-BW11-BX11-BY11 -> 36764 | CA11: 28900 | CB11: =CA11*0.14 -> 4046 | CC11: =CA11*0.12 -> 3468 | CD11: 0 | CE11: 500 | CF11: =SUM(CA11:CE11) -> 36914 | CG11: 0 | CH11: 0 | CI11: =IF($F11=50000,0,IF(CF11>40000,200,IF(CF11>25000,150,IF(CF11>15000,130,IF(CF11>10000,110,0))))) -> 150 | CJ11: =CF11-CG11-CH11-CI11 -> 36764 | CK11: 28900 | CL11: =CK11*0.14 -> 4046 | CM11: =CK11*0.12 -> 3468 | CN11: 0 | CO11: 500 | CP11: =SUM(CK11:CO11) -> 36914 | CQ11: 0 | CR11: 0 | CS11: =IF($F11=50000,0,IF(CP11>40000,200,IF(CP11>25000,150,IF(CP11>15000,130,IF(CP11>10000,110,0))))) -> 150 | CT11: =CP11-CQ11-CR11-CS11 -> 36764 | CU11: 28900 | CV11: =ROUND(CU11*0.14,0) -> 4046 | CW11: =ROUND(CU11*0.12,0) -> 3468 | CX11: 0 | CY11: 500 | CZ11: =SUM(CU11:CY11) -> 36914 | DA11: 0 | DB11: 0 | DC11: =IF($F11=50000,0,IF(CZ11>40000,200,IF(CZ11>25000,150,IF(CZ11>15000,130,IF(CZ11>10000,110,0))))) -> 150 | DD11: =CZ11-DA11-DB11-DC11 -> 36764 | DE11: 28900 | DF11: =DE11*0.14 -> 4046 | DG11: =DE11*0.12 -> 3468 | DH11: 0 | DI11: 500 | DJ11: =SUM(DE11:DI11) -> 36914 | DK11: 0 | DL11: 0 | DM11: =IF($F11=50000,0,IF(DJ11>40000,200,IF(DJ11>25000,150,IF(DJ11>15000,130,IF(DJ11>10000,110,0))))) -> 150 | DN11: =DJ11-DK11-DL11-DM11 -> 36764 | DO11: 28900 | DP11: =DO11*0.14 -> 4046 | DQ11: =DO11*0.12 -> 3468 | DR11: 0 | DS11: 500 | DT11: =SUM(DO11:DS11) -> 36914 | DU11: 2000 | DV11: 0 | DW11: =IF($F11=50000,0,IF(DT11>40000,200,IF(DT11>25000,150,IF(DT11>15000,130,IF(DT11>10000,110,0))))) -> 150 | DX11: =DT11-DU11-DV11-DW11 -> 34764 | DY11: =DT11+DJ11+CZ11+CP11+CF11+BV11+BL11+BB11+AQ11+AG11+W11+M11+G11 -> 406054 | DZ11: =DW11+DM11+DC11+CS11+CI11+BY11+BO11+BE11+AT11+AJ11+Z11+P11 -> 1650 | EA11: =IF(DY11>0,50000,0) -> 50000 | EB11: 0 | EC11: =DY11-DZ11-EA11 -> 354404 | ED11: =DU11+DK11+DA11+CQ11+CG11+BW11+BM11+BC11+AR11+AH11+X11+N11 -> 2000 | EE11: =DV11+DL11+DB11+CR11+CH11+BX11+BN11+BD11+AS11+AI11+Y11+O11 -> 0 | EF11: 0 | EG11: 0 | EH11: 0 | EI11: 0 | EJ11: 0 | EK11: 0 | EL11: 0 | EM11: 0 | EN11: 0 | EO11: 0 | EP11: =SUM(ED11:EO11) -> 2000 | EQ11: =IF(EP11>=150000,150000,EP11) -> 2000 | ER11: =EC11-EQ11 -> 352404 | ES11: 0 | ET11: 0 | EU11: 0 | EV11: 0 | EW11: 0 | EX11: 0 | EY11: 0 | EZ11: =SUM(ES11:EY11)+F11 -> 0 | FA11: =ER11-EZ11 -> 352404 | FB11: =ROUND(IF(FA11>0,IF(FA11>500000,12500,(FA11-250000)*0.05),0),0) -> 5120 | FC11: =IF(ROUND(IF(FA11>0,IF(FA11>1000000,25000,(FA11-500000)*0.2),0),0)<0,0,ROUND(IF(FA11>0,IF(FA11>1000000,25000,(FA11-500000)*0.2),0),0)) -> 0 | FD11: =FB11+FC11 -> 5120 | FE11: =IF(FD11<12500,0,FD11) -> 0 | FF11: =FE11*0.04 -> 0 | FG11: =ROUND(FF11+FE11,0) -> 0 | FH11: 0 | FI11: =FG11-FH11 -> 0 | FJ11: =IF(DY11>500000,TRUE,FALSE) -> FALSE | FK11: =IF(FJ11,RANDBETWEEN(500,1000),RANDBETWEEN(1000,3000)) -> 2841 | FL11: =DY11+FK11 -> 408895 | FM11: =IF(DY11>0,75000,0) -> 75000 | FN11: =FL11-FM11 -> 333895 | FO11: =IF(FN11>1500000,FN11-1500000,0) -> 0 | FP11: =FO11*0.3 -> 0 | FQ11: =IF(FN11>1200000,FN11-1200000-FO11,0) -> 0 | FR11: =FQ11*0.2 -> 0 | FS11: =IF(FN11>1000000,FN11-1000000-F11-FQ11,0) -> 0 | FT11: =FS11*0.15 -> 0 | FU11: =IF(FN11>700000,FN11-700000-FO11-FQ11-FS11,0) -> 0 | FV11: =FU11*0.1 -> 0 | FW11: =IF(FN11>300000,FN11-300000-FO11-FQ11-FS11-FU11,0) -> 33895 | FX11: =FW11*0.05 -> 1694.75 | FY11: =ROUND(FP11+FR11+FT11+FV11+FX11,0) -> 1695 | FZ11: =IF(FN11>700000,FN11,0) -> 0 | GA11: =IF(FN11>700000,FZ11-700000,0) -> 0 | GB11: =IF(FN11<700001,MIN(FY11,25000),0) -> 1695 | GC11: =IF(FN11>700000,FY11-GA11,0) -> 0 | GD11: =IF(GC11>0,TRUE,FALSE) -> FALSE | GE11: =IF(GD11,GC11,0) -> 0 | GF11: =GB11+GE11 -> 1695 | GG11: =ROUND(FY11-GF11,0) -> 0 | GH11: =GG11*0.04 -> 0 | GI11: =ROUNDUP(GG11+GH11,0) -> 0
A12: =_xlfn.AGGREGATE(3,5,$B$2:B12) -> 11 | B12: teachers111 | C12: SWAPAN DAS | D12: BETAI PC PRIMARY SCHOOL | E12: WBTPTA | F12: 0 | G12: 0 | H12: 45900 | I12: =H12*0.1 -> 4590 | J12: =H12*0.12 -> 5508 | K12: 400 | L12: 0 | M12: =SUM(H12:L12) -> 56398 | N12: 3000 | O12: 0 | P12: =IF($F12=50000,0,IF(M12>40000,200,IF(M12>25000,150,IF(M12>15000,130,IF(M12>10000,110,0))))) -> 200 | Q12: =M12-N12-O12-P12 -> 53198 | R12: 45900 | S12: =R12*0.1 -> 4590 | T12: =R12*0.12 -> 5508 | U12: 400 | V12: 0 | W12: =SUM(R12:V12) -> 56398 | X12: 3000 | Y12: 0 | Z12: =IF($F12=50000,0,IF(W12>40000,200,IF(W12>25000,150,IF(W12>15000,130,IF(W12>10000,110,0))))) -> 200 | AA12: =W12-X12-Y12-Z12 -> 53198 | AB12: 45900 | AC12: =AB12*0.14 -> 6426 | AD12: =AB12*0.12 -> 5508 | AE12: 400 | AF12: 0 | AG12: =SUM(AB12:AF12) -> 58234 | AH12: 3000 | AI12: 0 | AJ12: =IF($F12=50000,0,IF(AG12>40000,200,IF(AG12>25000,150,IF(AG12>15000,130,IF(AG12>10000,110,0))))) -> 200 | AK12: =AG12-AH12-AI12-AJ12 -> 55034 | AL12: 45900 | AM12: =AL12*0.14 -> 6426 | AN12: =AL12*0.12 -> 5508 | AO12: 400 | AP12: 0 | AQ12: =SUM(AL12:AP12) -> 58234 | AR12: 3000 | AS12: 0 | AT12: =IF($F12=50000,0,IF(AQ12>40000,200,IF(AQ12>25000,150,IF(AQ12>15000,130,IF(AQ12>10000,110,0))))) -> 200 | AU12: =AQ12-AR12-AS12-AT12 -> 55034 | AV12: 47300 | AW12: =AV12*0.14 -> 6622 | AX12: =R12*0.04 -> 1836 | AY12: =AV12*0.12 -> 5676 | AZ12: 400 | BA12: 0 | BB12: =SUM(AV12:BA12) -> 61834 | BC12: 3000 | BD12: 0 | BE12: =IF($F12=50000,0,IF(BB12>40000,200,IF(BB12>25000,150,IF(BB12>15000,130,IF(BB12>10000,110,0))))) -> 200 | BF12: =BB12-BC12-BD12-BE12 -> 58634 | BG12: 47300 | BH12: =BG12*0.14 -> 6622 | BI12: =BG12*0.12 -> 5676 | BJ12: 400 | BK12: 0 | BL12: =SUM(BG12:BK12) -> 59998 | BM12: 3000 | BN12: 0 | BO12: =IF($F12=50000,0,IF(BL12>40000,200,IF(BL12>25000,150,IF(BL12>15000,130,IF(BL12>10000,110,0))))) -> 200 | BP12: =BL12-BM12-BN12-BO12 -> 56798 | BQ12: 47300 | BR12: =BQ12*0.14 -> 6622 | BS12: =BQ12*0.12 -> 5676 | BT12: 400 | BU12: 0 | BV12: =SUM(BQ12:BU12) -> 59998 | BW12: 3000 | BX12: 0 | BY12: =IF($F12=50000,0,IF(BV12>40000,200,IF(BV12>25000,150,IF(BV12>15000,130,IF(BV12>10000,110,0))))) -> 200 | BZ12: =BV12-BW12-BX12-BY12 -> 56798 | CA12: 47300 | CB12: =CA12*0.14 -> 6622 | CC12: =CA12*0.12 -> 5676 | CD12: 400 | CE12: 0 | CF12: =SUM(CA12:CE12) -> 59998 | CG12: 3000 | CH12: 0 | CI12: =IF($F12=50000,0,IF(CF12>40000,200,IF(CF12>25000,150,IF(CF12>15000,130,IF(CF12>10000,110,0))))) -> 200 | CJ12: =CF12-CG12-CH12-CI12 -> 56798 | CK12: 47300 | CL12: =CK12*0.14 -> 6622 | CM12: =CK12*0.12 -> 5676 | CN12: 400 | CO12: 0 | CP12: =SUM(CK12:CO12) -> 59998 | CQ12: 3000 | CR12: 0 | CS12: =IF($F12=50000,0,IF(CP12>40000,200,IF(CP12>25000,150,IF(CP12>15000,130,IF(CP12>10000,110,0))))) -> 200 | CT12: =CP12-CQ12-CR12-CS12 -> 56798 | CU12: 47300 | CV12: =ROUND(CU12*0.14,0) -> 6622 | CW12: =ROUND(CU12*0.12,0) -> 5676 | CX12: 400 | CY12: 0 | CZ12: =SUM(CU12:CY12) -> 59998 | DA12: 3000 | DB12: 0 | DC12: =IF($F12=50000,0,IF(CZ12>40000,200,IF(CZ12>25000,150,IF(CZ12>15000,130,IF(CZ12>10000,110,0))))) -> 200 | DD12: =CZ12-DA12-DB12-DC12 -> 56798 | DE12: 47300 | DF12: =DE12*0.14 -> 6622 | DG12: =DE12*0.12 -> 5676 | DH12: 400 | DI12: 0 | DJ12: =SUM(DE12:DI12) -> 59998 | DK12: 3000 | DL12: 0 | DM12: =IF($F12=50000,0,IF(DJ12>40000,200,IF(DJ12>25000,150,IF(DJ12>15000,130,IF(DJ12>10000,110,0))))) -> 200 | DN12: =DJ12-DK12-DL12-DM12 -> 56798 | DO12: 47300 | DP12: =DO12*0.14 -> 6622 | DQ12: =DO12*0.12 -> 5676 | DR12: 400 | DS12: 0 | DT12: =SUM(DO12:DS12) -> 59998 | DU12: 3000 | DV12: 0 | DW12: =IF($F12=50000,0,IF(DT12>40000,200,IF(DT12>25000,150,IF(DT12>15000,130,IF(DT12>10000,110,0))))) -> 200 | DX12: =DT12-DU12-DV12-DW12 -> 56798 | DY12: =DT12+DJ12+CZ12+CP12+CF12+BV12+BL12+BB12+AQ12+AG12+W12+M12+G12 -> 711084 | DZ12: =DW12+DM12+DC12+CS12+CI12+BY12+BO12+BE12+AT12+AJ12+Z12+P12 -> 2400 | EA12: =IF(DY12>0,50000,0) -> 50000 | EB12: 0 | EC12: =DY12-DZ12-EA12 -> 658684 | ED12: =DU12+DK12+DA12+CQ12+CG12+BW12+BM12+BC12+AR12+AH12+X12+N12 -> 36000 | EE12: =DV12+DL12+DB12+CR12+CH12+BX12+BN12+BD12+AS12+AI12+Y12+O12 -> 0 | EF12: 0 | EG12: 0 | EH12: 0 | EI12: 0 | EJ12: 0 | EK12: 0 | EL12: 0 | EM12: 0 | EN12: 0 | EO12: 0 | EP12: =SUM(ED12:EO12) -> 36000 | EQ12: =IF(EP12>=150000,150000,EP12) -> 36000 | ER12: =EC12-EQ12 -> 622684 | ES12: 0 | ET12: 0 | EU12: 0 | EV12: 0 | EW12: 0 | EX12: 0 | EY12: 0 | EZ12: =SUM(ES12:EY12)+F12 -> 0 | FA12: =ER12-EZ12 -> 622684 | FB12: =ROUND(IF(FA12>0,IF(FA12>500000,12500,(FA12-250000)*0.05),0),0) -> 12500 | FC12: =IF(ROUND(IF(FA12>0,IF(FA12>1000000,25000,(FA12-500000)*0.2),0),0)<0,0,ROUND(IF(FA12>0,IF(FA12>1000000,25000,(FA12-500000)*0.2),0),0)) -> 24537 | FD12: =FB12+FC12 -> 37037 | FE12: =IF(FD12<12500,0,FD12) -> 37037 | FF12: =FE12*0.04 -> 1481.48 | FG12: =ROUND(FF12+FE12,0) -> 38518 | FH12: 0 | FI12: =FG12-FH12 -> 38518 | FJ12: =IF(DY12>500000,TRUE,FALSE) -> TRUE | FK12: =IF(FJ12,RANDBETWEEN(500,1000),RANDBETWEEN(1000,3000)) -> 850 | FL12: =DY12+FK12 -> 711934 | FM12: =IF(DY12>0,75000,0) -> 75000 | FN12: =FL12-FM12 -> 636934 | FO12: =IF(FN12>1500000,FN12-1500000,0) -> 0 | FP12: =FO12*0.3 -> 0 | FQ12: =IF(FN12>1200000,FN12-1200000-FO12,0) -> 0 | FR12: =FQ12*0.2 -> 0 | FS12: =IF(FN12>1000000,FN12-1000000-F12-FQ12,0) -> 0 | FT12: =FS12*0.15 -> 0 | FU12: =IF(FN12>700000,FN12-700000-FO12-FQ12-FS12,0) -> 0 | FV12: =FU12*0.1 -> 0 | FW12: =IF(FN12>300000,FN12-300000-FO12-FQ12-FS12-FU12,0) -> 336934 | FX12: =FW12*0.05 -> 16846.7 | FY12: =ROUND(FP12+FR12+FT12+FV12+FX12,0) -> 16847 | FZ12: =IF(FN12>700000,FN12,0) -> 0 | GA12: =IF(FN12>700000,FZ12-700000,0) -> 0 | GB12: =IF(FN12<700001,MIN(FY12,25000),0) -> 16847 | GC12: =IF(FN12>700000,FY12-GA12,0) -> 0 | GD12: =IF(GC12>0,TRUE,FALSE) -> FALSE | GE12: =IF(GD12,GC12,0) -> 0 | GF12: =GB12+GE12 -> 16847 | GG12: =ROUND(FY12-GF12,0) -> 0 | GH12: =GG12*0.04 -> 0 | GI12: =ROUNDUP(GG12+GH12,0) -> 0
A13: =_xlfn.AGGREGATE(3,5,$B$2:B13) -> 12 | B13: teachers112 | C13: RAJU KOLEY | D13: BETAI PC PRIMARY SCHOOL | E13: WBTPTA | F13: 0 | G13: 6000 | H13: 26200 | I13: =H13*0.1 -> 2620 | J13: =H13*0.12 -> 3144 | K13: 0 | L13: 500 | M13: =SUM(H13:L13) -> 32464 | N13: 2000 | O13: 0 | P13: =IF($F13=50000,0,IF(M13>40000,200,IF(M13>25000,150,IF(M13>15000,130,IF(M13>10000,110,0))))) -> 150 | Q13: =M13-N13-O13-P13 -> 30314 | R13: 26200 | S13: =R13*0.1 -> 2620 | T13: =R13*0.12 -> 3144 | U13: 0 | V13: 500 | W13: =SUM(R13:V13) -> 32464 | X13: 2000 | Y13: 0 | Z13: =IF($F13=50000,0,IF(W13>40000,200,IF(W13>25000,150,IF(W13>15000,130,IF(W13>10000,110,0))))) -> 150 | AA13: =W13-X13-Y13-Z13 -> 30314 | AB13: 26200 | AC13: =AB13*0.14 -> 3668 | AD13: =AB13*0.12 -> 3144 | AE13: 0 | AF13: 500 | AG13: =SUM(AB13:AF13) -> 33512 | AH13: 2000 | AI13: 0 | AJ13: =IF($F13=50000,0,IF(AG13>40000,200,IF(AG13>25000,150,IF(AG13>15000,130,IF(AG13>10000,110,0))))) -> 150 | AK13: =AG13-AH13-AI13-AJ13 -> 31362 | AL13: 26200 | AM13: =AL13*0.14 -> 3668 | AN13: =AL13*0.12 -> 3144 | AO13: 0 | AP13: 500 | AQ13: =SUM(AL13:AP13) -> 33512 | AR13: 2000 | AS13: 0 | AT13: =IF($F13=50000,0,IF(AQ13>40000,200,IF(AQ13>25000,150,IF(AQ13>15000,130,IF(AQ13>10000,110,0))))) -> 150 | AU13: =AQ13-AR13-AS13-AT13 -> 31362 | AV13: 27000 | AW13: =AV13*0.14 -> 3780 | AX13: =R13*0.04 -> 1048 | AY13: =AV13*0.12 -> 3240 | AZ13: 0 | BA13: 500 | BB13: =SUM(AV13:BA13) -> 35568 | BC13: 2000 | BD13: 0 | BE13: =IF($F13=50000,0,IF(BB13>40000,200,IF(BB13>25000,150,IF(BB13>15000,130,IF(BB13>10000,110,0))))) -> 150 | BF13: =BB13-BC13-BD13-BE13 -> 33418 | BG13: 27000 | BH13: =BG13*0.14 -> 3780 | BI13: =BG13*0.12 -> 3240 | BJ13: 0 | BK13: 500 | BL13: =SUM(BG13:BK13) -> 34520 | BM13: 2000 | BN13: 0 | BO13: =IF($F13=50000,0,IF(BL13>40000,200,IF(BL13>25000,150,IF(BL13>15000,130,IF(BL13>10000,110,0))))) -> 150 | BP13: =BL13-BM13-BN13-BO13 -> 32370 | BQ13: 27000 | BR13: =BQ13*0.14 -> 3780 | BS13: =BQ13*0.12 -> 3240 | BT13: 0 | BU13: 500 | BV13: =SUM(BQ13:BU13) -> 34520 | BW13: 2000 | BX13: 0 | BY13: =IF($F13=50000,0,IF(BV13>40000,200,IF(BV13>25000,150,IF(BV13>15000,130,IF(BV13>10000,110,0))))) -> 150 | BZ13: =BV13-BW13-BX13-BY13 -> 32370 | CA13: 27000 | CB13: =CA13*0.14 -> 3780 | CC13: =CA13*0.12 -> 3240 | CD13: 0 | CE13: 500 | CF13: =SUM(CA13:CE13) -> 34520 | CG13: 2000 | CH13: 0 | CI13: =IF($F13=50000,0,IF(CF13>40000,200,IF(CF13>25000,150,IF(CF13>15000,130,IF(CF13>10000,110,0))))) -> 150 | CJ13: =CF13-CG13-CH13-CI13 -> 32370 | CK13: 27000 | CL13: =CK13*0.14 -> 3780 | CM13: =CK13*0.12 -> 3240 | CN13: 0 | CO13: 500 | CP13: =SUM(CK13:CO13) -> 34520 | CQ13: 2000 | CR13: 0 | CS13: =IF($F13=50000,0,IF(CP13>40000,200,IF(CP13>25000,150,IF(CP13>15000,130,IF(CP13>10000,110,0))))) -> 150 | CT13: =CP13-CQ13-CR13-CS13 -> 32370 | CU13: 27000 | CV13: =ROUND(CU13*0.14,0) -> 3780 | CW13: =ROUND(CU13*0.12,0) -> 3240 | CX13: 0 | CY13: 500 | CZ13: =SUM(CU13:CY13) -> 34520 | DA13: 2000 | DB13: 0 | DC13: =IF($F13=50000,0,IF(CZ13>40000,200,IF(CZ13>25000,150,IF(CZ13>15000,130,IF(CZ13>10000,110,0))))) -> 150 | DD13: =CZ13-DA13-DB13-DC13 -> 32370 | DE13: 27000 | DF13: =DE13*0.14 -> 3780 | DG13: =DE13*0.12 -> 3240 | DH13: 0 | DI13: 500 | DJ13: =SUM(DE13:DI13) -> 34520 | DK13: 2000 | DL13: 0 | DM13: =IF($F13=50000,0,IF(DJ13>40000,200,IF(DJ13>25000,150,IF(DJ13>15000,130,IF(DJ13>10000,110,0))))) -> 150 | DN13: =DJ13-DK13-DL13-DM13 -> 32370 | DO13: 27000 | DP13: =DO13*0.14 -> 3780 | DQ13: =DO13*0.12 -> 3240 | DR13: 0 | DS13: 500 | DT13: =SUM(DO13:DS13) -> 34520 | DU13: 2000 | DV13: 0 | DW13: =IF($F13=50000,0,IF(DT13>40000,200,IF(DT13>25000,150,IF(DT13>15000,130,IF(DT13>10000,110,0))))) -> 150 | DX13: =DT13-DU13-DV13-DW13 -> 32370 | DY13: =DT13+DJ13+CZ13+CP13+CF13+BV13+BL13+BB13+AQ13+AG13+W13+M13+G13 -> 415160 | DZ13: =DW13+DM13+DC13+CS13+CI13+BY13+BO13+BE13+AT13+AJ13+Z13+P13 -> 1800 | EA13: =IF(DY13>0,50000,0) -> 50000 | EB13: 0 | EC13: =DY13-DZ13-EA13 -> 363360 | ED13: =DU13+DK13+DA13+CQ13+CG13+BW13+BM13+BC13+AR13+AH13+X13+N13 -> 24000 | EE13: =DV13+DL13+DB13+CR13+CH13+BX13+BN13+BD13+AS13+AI13+Y13+O13 -> 0 | EF13: 0 | EG13: 0 | EH13: 0 | EI13: 0 | EJ13: 0 | EK13: 0 | EL13: 0 | EM13: 0 | EN13: 0 | EO13: 0 | EP13: =SUM(ED13:EO13) -> 24000 | EQ13: =IF(EP13>=150000,150000,EP13) -> 24000 | ER13: =EC13-EQ13 -> 339360 | ES13: 0 | ET13: 0 | EU13: 0 | EV13: 0 | EW13: 0 | EX13: 0 | EY13: 0 | EZ13: =SUM(ES13:EY13)+F13 -> 0 | FA13: =ER13-EZ13 -> 339360 | FB13: =ROUND(IF(FA13>0,IF(FA13>500000,12500,(FA13-250000)*0.05),0),0) -> 4468 | FC13: =IF(ROUND(IF(FA13>0,IF(FA13>1000000,25000,(FA13-500000)*0.2),0),0)<0,0,ROUND(IF(FA13>0,IF(FA13>1000000,25000,(FA13-500000)*0.2),0),0)) -> 0 | FD13: =FB13+FC13 -> 4468 | FE13: =IF(FD13<12500,0,FD13) -> 0 | FF13: =FE13*0.04 -> 0 | FG13: =ROUND(FF13+FE13,0) -> 0 | FH13: 0 | FI13: =FG13-FH13 -> 0 | FJ13: =IF(DY13>500000,TRUE,FALSE) -> FALSE | FK13: =IF(FJ13,RANDBETWEEN(500,1000),RANDBETWEEN(1000,3000)) -> 2188 | FL13: =DY13+FK13 -> 417348 | FM13: =IF(DY13>0,75000,0) -> 75000 | FN13: =FL13-FM13 -> 342348 | FO13: =IF(FN13>1500000,FN13-1500000,0) -> 0 | FP13: =FO13*0.3 -> 0 | FQ13: =IF(FN13>1200000,FN13-1200000-FO13,0) -> 0 | FR13: =FQ13*0.2 -> 0 | FS13: =IF(FN13>1000000,FN13-1000000-F13-FQ13,0) -> 0 | FT13: =FS13*0.15 -> 0 | FU13: =IF(FN13>700000,FN13-700000-FO13-FQ13-FS13,0) -> 0 | FV13: =FU13*0.1 -> 0 | FW13: =IF(FN13>300000,FN13-300000-FO13-FQ13-FS13-FU13,0) -> 42348 | FX13: =FW13*0.05 -> 2117.4 | FY13: =ROUND(FP13+FR13+FT13+FV13+FX13,0) -> 2117 | FZ13: =IF(FN13>700000,FN13,0) -> 0 | GA13: =IF(FN13>700000,FZ13-700000,0) -> 0 | GB13: =IF(FN13<700001,MIN(FY13,25000),0) -> 2117 | GC13: =IF(FN13>700000,FY13-GA13,0) -> 0 | GD13: =IF(GC13>0,TRUE,FALSE) -> FALSE | GE13: =IF(GD13,GC13,0) -> 0 | GF13: =GB13+GE13 -> 2117 | GG13: =ROUND(FY13-GF13,0) -> 0 | GH13: =GG13*0.04 -> 0 | GI13: =ROUNDUP(GG13+GH13,0) -> 0
... A173: =_xlfn.AGGREGATE(3,5,$B$2:B173) -> 172 | B173: teachers263 | C173: SNEHASHIS JANA | D173: KUNDULIA TAPASILI PRIMARY SCHOOL | E173: WBTPTA | F173: 0 | G173: 6000 | H173: 32500 | I173: =H173*0.1 -> 3250 | J173: =H173*0.12 -> 3900 | K173: 400 | L173: 500 | M173: =SUM(H173:L173) -> 40550 | N173: 2000 | O173: 0 | P173: =IF($F173=50000,0,IF(M173>40000,200,IF(M173>25000,150,IF(M173>15000,130,IF(M173>10000,110,0))))) -> 200 | Q173: =M173-N173-O173-P173 -> 38350 | R173: 32500 | S173: =R173*0.1 -> 3250 | T173: =R173*0.12 -> 3900 | U173: 400 | V173: 500 | W173: =SUM(R173:V173) -> 40550 | X173: 2000 | Y173: 0 | Z173: =IF($F173=50000,0,IF(W173>40000,200,IF(W173>25000,150,IF(W173>15000,130,IF(W173>10000,110,0))))) -> 200 | AA173: =W173-X173-Y173-Z173 -> 38350 | AB173: 32500 | AC173: =AB173*0.14 -> 4550 | AD173: =AB173*0.12 -> 3900 | AE173: 400 | AF173: 500 | AG173: =SUM(AB173:AF173) -> 41850 | AH173: 2000 | AI173: 0 | AJ173: =IF($F173=50000,0,IF(AG173>40000,200,IF(AG173>25000,150,IF(AG173>15000,130,IF(AG173>10000,110,0))))) -> 200 | AK173: =AG173-AH173-AI173-AJ173 -> 39650 | AL173: 32500 | AM173: =AL173*0.14 -> 4550 | AN173: =AL173*0.12 -> 3900 | AO173: 400 | AP173: 500 | AQ173: =SUM(AL173:AP173) -> 41850 | AR173: 2000 | AS173: 0 | AT173: =IF($F173=50000,0,IF(AQ173>40000,200,IF(AQ173>25000,150,IF(AQ173>15000,130,IF(AQ173>10000,110,0))))) -> 200 | AU173: =AQ173-AR173-AS173-AT173 -> 39650 | AV173: 33500 | AW173: =AV173*0.14 -> 4690 | AX173: =R173*0.04 -> 1300 | AY173: =AV173*0.12 -> 4020 | AZ173: 400 | BA173: 500 | BB173: =SUM(AV173:BA173) -> 44410 | BC173: 2500 | BD173: 0 | BE173: =IF($F173=50000,0,IF(BB173>40000,200,IF(BB173>25000,150,IF(BB173>15000,130,IF(BB173>10000,110,0))))) -> 200 | BF173: =BB173-BC173-BD173-BE173 -> 41710 | BG173: 33500 | BH173: =BG173*0.14 -> 4690 | BI173: =BG173*0.12 -> 4020 | BJ173: 400 | BK173: 500 | BL173: =SUM(BG173:BK173) -> 43110 | BM173: 2500 | BN173: 0 | BO173: =IF($F173=50000,0,IF(BL173>40000,200,IF(BL173>25000,150,IF(BL173>15000,130,IF(BL173>10000,110,0))))) -> 200 | BP173: =BL173-BM173-BN173-BO173 -> 40410 | BQ173: 33500 | BR173: =BQ173*0.14 -> 4690 | BS173: =BQ173*0.12 -> 4020 | BT173: 400 | BU173: 500 | BV173: =SUM(BQ173:BU173) -> 43110 | BW173: 2500 | BX173: 0 | BY173: =IF($F173=50000,0,IF(BV173>40000,200,IF(BV173>25000,150,IF(BV173>15000,130,IF(BV173>10000,110,0))))) -> 200 | BZ173: =BV173-BW173-BX173-BY173 -> 40410 | CA173: 33500 | CB173: =CA173*0.14 -> 4690 | CC173: =CA173*0.12 -> 4020 | CD173: 400 | CE173: 500 | CF173: =SUM(CA173:CE173) -> 43110 | CG173: 2500 | CH173: 0 | CI173: =IF($F173=50000,0,IF(CF173>40000,200,IF(CF173>25000,150,IF(CF173>15000,130,IF(CF173>10000,110,0))))) -> 200 | CJ173: =CF173-CG173-CH173-CI173 -> 40410 | CK173: 33500 | CL173: =CK173*0.14 -> 4690 | CM173: =CK173*0.12 -> 4020 | CN173: 400 | CO173: 500 | CP173: =SUM(CK173:CO173) -> 43110 | CQ173: 2500 | CR173: 0 | CS173: =IF($F173=50000,0,IF(CP173>40000,200,IF(CP173>25000,150,IF(CP173>15000,130,IF(CP173>10000,110,0))))) -> 200 | CT173: =CP173-CQ173-CR173-CS173 -> 40410 | CU173: 33500 | CV173: =ROUND(CU173*0.14,0) -> 4690 | CW173: =ROUND(CU173*0.12,0) -> 4020 | CX173: 400 | CY173: 500 | CZ173: =SUM(CU173:CY173) -> 43110 | DA173: 2500 | DB173: 0 | DC173: =IF($F173=50000,0,IF(CZ173>40000,200,IF(CZ173>25000,150,IF(CZ173>15000,130,IF(CZ173>10000,110,0))))) -> 200 | DD173: =CZ173-DA173-DB173-DC173 -> 40410 | DE173: 33500 | DF173: =DE173*0.14 -> 4690 | DG173: =DE173*0.12 -> 4020 | DH173: 400 | DI173: 500 | DJ173: =SUM(DE173:DI173) -> 43110 | DK173: 2500 | DL173: 0 | DM173: =IF($F173=50000,0,IF(DJ173>40000,200,IF(DJ173>25000,150,IF(DJ173>15000,130,IF(DJ173>10000,110,0))))) -> 200 | DN173: =DJ173-DK173-DL173-DM173 -> 40410 | DO173: 33500 | DP173: =DO173*0.14 -> 4690 | DQ173: =DO173*0.12 -> 4020 | DR173: 400 | DS173: 500 | DT173: =SUM(DO173:DS173) -> 43110 | DU173: 2500 | DV173: 0 | DW173: =IF($F173=50000,0,IF(DT173>40000,200,IF(DT173>25000,150,IF(DT173>15000,130,IF(DT173>10000,110,0))))) -> 200 | DX173: =DT173-DU173-DV173-DW173 -> 40410 | DY173: =DT173+DJ173+CZ173+CP173+CF173+BV173+BL173+BB173+AQ173+AG173+W173+M173+G173 -> 516980 | DZ173: =DW173+DM173+DC173+CS173+CI173+BY173+BO173+BE173+AT173+AJ173+Z173+P173 -> 2400 | EA173: =IF(DY173>0,50000,0) -> 50000 | EB173: 0 | EC173: =DY173-DZ173-EA173 -> 464580 | ED173: =DU173+DK173+DA173+CQ173+CG173+BW173+BM173+BC173+AR173+AH173+X173+N173 -> 28000 | EE173: =DV173+DL173+DB173+CR173+CH173+BX173+BN173+BD173+AS173+AI173+Y173+O173 -> 0 | EF173: 0 | EG173: 0 | EH173: 0 | EI173: 0 | EJ173: 0 | EK173: 0 | EL173: 0 | EM173: 0 | EN173: 0 | EO173: 0 | EP173: =SUM(ED173:EO173) -> 28000 | EQ173: =IF(EP173>=150000,150000,EP173) -> 28000 | ER173: =EC173-EQ173 -> 436580 | ES173: 0 | ET173: 0 | EU173: 0 | EV173: 0 | EW173: 0 | EX173: 0 | EY173: 0 | EZ173: =SUM(ES173:EY173)+F173 -> 0 | FA173: =ER173-EZ173 -> 436580 | FB173: =ROUND(IF(FA173>0,IF(FA173>500000,12500,(FA173-250000)*0.05),0),0) -> 9329 | FC173: =IF(ROUND(IF(FA173>0,IF(FA173>1000000,25000,(FA173-500000)*0.2),0),0)<0,0,ROUND(IF(FA173>0,IF(FA173>1000000,25000,(FA173-500000)*0.2),0),0)) -> 0 | FD173: =FB173+FC173 -> 9329 | FE173: =IF(FD173<12500,0,FD173) -> 0 | FF173: =FE173*0.04 -> 0 | FG173: =ROUND(FF173+FE173,0) -> 0 | FH173: 0 | FI173: =FG173-FH173 -> 0 | FJ173: =IF(DY173>500000,TRUE,FALSE) -> TRUE | FK173: =IF(FJ173,RANDBETWEEN(500,1000),RANDBETWEEN(1000,3000)) -> 522 | FL173: =DY173+FK173 -> 517502 | FM173: =IF(DY173>0,75000,0) -> 75000 | FN173: =FL173-FM173 -> 442502 | FO173: =IF(FN173>1500000,FN173-1500000,0) -> 0 | FP173: =FO173*0.3 -> 0 | FQ173: =IF(FN173>1200000,FN173-1200000-FO173,0) -> 0 | FR173: =FQ173*0.2 -> 0 | FS173: =IF(FN173>1000000,FN173-1000000-F173-FQ173,0) -> 0 | FT173: =FS173*0.15 -> 0 | FU173: =IF(FN173>700000,FN173-700000-FO173-FQ173-FS173,0) -> 0 | FV173: =FU173*0.1 -> 0 | FW173: =IF(FN173>300000,FN173-300000-FO173-FQ173-FS173-FU173,0) -> 142502 | FX173: =FW173*0.05 -> 7125.1 | FY173: =ROUND(FP173+FR173+FT173+FV173+FX173,0) -> 7125 | FZ173: =IF(FN173>700000,FN173,0) -> 0 | GA173: =IF(FN173>700000,FZ173-700000,0) -> 0 | GB173: =IF(FN173<700001,MIN(FY173,25000),0) -> 7125 | GC173: =IF(FN173>700000,FY173-GA173,0) -> 0 | GD173: =IF(GC173>0,TRUE,FALSE) -> FALSE | GE173: =IF(GD173,GC173,0) -> 0 | GF173: =GB173+GE173 -> 7125 | GG173: =ROUND(FY173-GF173,0) -> 0 | GH173: =GG173*0.04 -> 0 | GI173: =ROUNDUP(GG173+GH173,0) -> 0
A174: =_xlfn.AGGREGATE(3,5,$B$2:B174) -> 173 | B174: teachers264 | C174: SUMA SAMANTA | D174: KUNDULIA TAPASILI PRIMARY SCHOOL | E174: WBTPTA | F174: 0 | G174: 0 | H174: 48700 | I174: =H174*0.1 -> 4870 | J174: =H174*0 -> 0 | K174: 0 | L174: 500 | M174: =SUM(H174:L174) -> 54070 | N174: 15000 | O174: 0 | P174: =IF($F174=50000,0,IF(M174>40000,200,IF(M174>25000,150,IF(M174>15000,130,IF(M174>10000,110,0))))) -> 200 | Q174: =M174-N174-O174-P174 -> 38870 | R174: 48700 | S174: =R174*0.1 -> 4870 | T174: =R174*0 -> 0 | U174: 0 | V174: 500 | W174: =SUM(R174:V174) -> 54070 | X174: 15000 | Y174: 0 | Z174: =IF($F174=50000,0,IF(W174>40000,200,IF(W174>25000,150,IF(W174>15000,130,IF(W174>10000,110,0))))) -> 200 | AA174: =W174-X174-Y174-Z174 -> 38870 | AB174: 48700 | AC174: =AB174*0.14 -> 6818 | AD174: =AB174*0 -> 0 | AE174: 0 | AF174: 500 | AG174: =SUM(AB174:AF174) -> 56018 | AH174: 15000 | AI174: 0 | AJ174: =IF($F174=50000,0,IF(AG174>40000,200,IF(AG174>25000,150,IF(AG174>15000,130,IF(AG174>10000,110,0))))) -> 200 | AK174: =AG174-AH174-AI174-AJ174 -> 40818 | AL174: 48700 | AM174: =AL174*0.14 -> 6818 | AN174: =AL174*0 -> 0 | AO174: 0 | AP174: 500 | AQ174: =SUM(AL174:AP174) -> 56018 | AR174: 15000 | AS174: 0 | AT174: =IF($F174=50000,0,IF(AQ174>40000,200,IF(AQ174>25000,150,IF(AQ174>15000,130,IF(AQ174>10000,110,0))))) -> 200 | AU174: =AQ174-AR174-AS174-AT174 -> 40818 | AV174: 50200 | AW174: =AV174*0.14 -> 7028 | AX174: =R174*0.04 -> 1948 | AY174: =AV174*0 -> 0 | AZ174: 0 | BA174: 500 | BB174: =SUM(AV174:BA174) -> 59676 | BC174: 15000 | BD174: 0 | BE174: =IF($F174=50000,0,IF(BB174>40000,200,IF(BB174>25000,150,IF(BB174>15000,130,IF(BB174>10000,110,0))))) -> 200 | BF174: =BB174-BC174-BD174-BE174 -> 44476 | BG174: 50200 | BH174: =BG174*0.14 -> 7028 | BI174: =BG174*0 -> 0 | BJ174: 0 | BK174: 500 | BL174: =SUM(BG174:BK174) -> 57728 | BM174: 15000 | BN174: 0 | BO174: =IF($F174=50000,0,IF(BL174>40000,200,IF(BL174>25000,150,IF(BL174>15000,130,IF(BL174>10000,110,0))))) -> 200 | BP174: =BL174-BM174-BN174-BO174 -> 42528 | BQ174: 50200 | BR174: =BQ174*0.14 -> 7028 | BS174: =BQ174*0 -> 0 | BT174: 0 | BU174: 500 | BV174: =SUM(BQ174:BU174) -> 57728 | BW174: 15000 | BX174: 0 | BY174: =IF($F174=50000,0,IF(BV174>40000,200,IF(BV174>25000,150,IF(BV174>15000,130,IF(BV174>10000,110,0))))) -> 200 | BZ174: =BV174-BW174-BX174-BY174 -> 42528 | CA174: 50200 | CB174: =CA174*0.14 -> 7028 | CC174: =CA174*0 -> 0 | CD174: 0 | CE174: 500 | CF174: =SUM(CA174:CE174) -> 57728 | CG174: 15000 | CH174: 0 | CI174: =IF($F174=50000,0,IF(CF174>40000,200,IF(CF174>25000,150,IF(CF174>15000,130,IF(CF174>10000,110,0))))) -> 200 | CJ174: =CF174-CG174-CH174-CI174 -> 42528 | CK174: 50200 | CL174: =CK174*0.14 -> 7028 | CM174: =CK174*0 -> 0 | CN174: 0 | CO174: 500 | CP174: =SUM(CK174:CO174) -> 57728 | CQ174: 15000 | CR174: 0 | CS174: =IF($F174=50000,0,IF(CP174>40000,200,IF(CP174>25000,150,IF(CP174>15000,130,IF(CP174>10000,110,0))))) -> 200 | CT174: =CP174-CQ174-CR174-CS174 -> 42528 | CU174: 50200 | CV174: =ROUND(CU174*0.14,0) -> 7028 | CW174: =ROUND(CU174*0,0) -> 0 | CX174: 0 | CY174: 500 | CZ174: =SUM(CU174:CY174) -> 57728 | DA174: 15000 | DB174: 0 | DC174: =IF($F174=50000,0,IF(CZ174>40000,200,IF(CZ174>25000,150,IF(CZ174>15000,130,IF(CZ174>10000,110,0))))) -> 200 | DD174: =CZ174-DA174-DB174-DC174 -> 42528 | DE174: 50200 | DF174: =DE174*0.14 -> 7028 | DG174: =DE174*0 -> 0 | DH174: 0 | DI174: 500 | DJ174: =SUM(DE174:DI174) -> 57728 | DK174: 15000 | DL174: 0 | DM174: =IF($F174=50000,0,IF(DJ174>40000,200,IF(DJ174>25000,150,IF(DJ174>15000,130,IF(DJ174>10000,110,0))))) -> 200 | DN174: =DJ174-DK174-DL174-DM174 -> 42528 | DO174: 50200 | DP174: =DO174*0.14 -> 7028 | DQ174: =DO174*0 -> 0 | DR174: 0 | DS174: 500 | DT174: =SUM(DO174:DS174) -> 57728 | DU174: 15000 | DV174: 0 | DW174: =IF($F174=50000,0,IF(DT174>40000,200,IF(DT174>25000,150,IF(DT174>15000,130,IF(DT174>10000,110,0))))) -> 200 | DX174: =DT174-DU174-DV174-DW174 -> 42528 | DY174: =DT174+DJ174+CZ174+CP174+CF174+BV174+BL174+BB174+AQ174+AG174+W174+M174+G174 -> 683948 | DZ174: =DW174+DM174+DC174+CS174+CI174+BY174+BO174+BE174+AT174+AJ174+Z174+P174 -> 2400 | EA174: =IF(DY174>0,50000,0) -> 50000 | EB174: 0 | EC174: =DY174-DZ174-EA174 -> 631548 | ED174: =DU174+DK174+DA174+CQ174+CG174+BW174+BM174+BC174+AR174+AH174+X174+N174 -> 180000 | EE174: =DV174+DL174+DB174+CR174+CH174+BX174+BN174+BD174+AS174+AI174+Y174+O174 -> 0 | EF174: 0 | EG174: 0 | EH174: 0 | EI174: 0 | EJ174: 0 | EK174: 0 | EL174: 0 | EM174: 0 | EN174: 0 | EO174: 0 | EP174: =SUM(ED174:EO174) -> 180000 | EQ174: =IF(EP174>=150000,150000,EP174) -> 150000 | ER174: =EC174-EQ174 -> 481548 | ES174: 0 | ET174: 0 | EU174: 0 | EV174: 0 | EW174: 0 | EX174: 0 | EY174: 0 | EZ174: =SUM(ES174:EY174)+F174 -> 0 | FA174: =ER174-EZ174 -> 481548 | FB174: =ROUND(IF(FA174>0,IF(FA174>500000,12500,(FA174-250000)*0.05),0),0) -> 11577 | FC174: =IF(ROUND(IF(FA174>0,IF(FA174>1000000,25000,(FA174-500000)*0.2),0),0)<0,0,ROUND(IF(FA174>0,IF(FA174>1000000,25000,(FA174-500000)*0.2),0),0)) -> 0 | FD174: =FB174+FC174 -> 11577 | FE174: =IF(FD174<12500,0,FD174) -> 0 | FF174: =FE174*0.04 -> 0 | FG174: =ROUND(FF174+FE174,0) -> 0 | FH174: 0 | FI174: =FG174-FH174 -> 0 | FJ174: =IF(DY174>500000,TRUE,FALSE) -> TRUE | FK174: =IF(FJ174,RANDBETWEEN(500,1000),RANDBETWEEN(1000,3000)) -> 705 | FL174: =DY174+FK174 -> 684653 | FM174: =IF(DY174>0,75000,0) -> 75000 | FN174: =FL174-FM174 -> 609653 | FO174: =IF(FN174>1500000,FN174-1500000,0) -> 0 | FP174: =FO174*0.3 -> 0 | FQ174: =IF(FN174>1200000,FN174-1200000-FO174,0) -> 0 | FR174: =FQ174*0.2 -> 0 | FS174: =IF(FN174>1000000,FN174-1000000-F174-FQ174,0) -> 0 | FT174: =FS174*0.15 -> 0 | FU174: =IF(FN174>700000,FN174-700000-FO174-FQ174-FS174,0) -> 0 | FV174: =FU174*0.1 -> 0 | FW174: =IF(FN174>300000,FN174-300000-FO174-FQ174-FS174-FU174,0) -> 309653 | FX174: =FW174*0.05 -> 15482.65 | FY174: =ROUND(FP174+FR174+FT174+FV174+FX174,0) -> 15483 | FZ174: =IF(FN174>700000,FN174,0) -> 0 | GA174: =IF(FN174>700000,FZ174-700000,0) -> 0 | GB174: =IF(FN174<700001,MIN(FY174,25000),0) -> 15483 | GC174: =IF(FN174>700000,FY174-GA174,0) -> 0 | GD174: =IF(GC174>0,TRUE,FALSE) -> FALSE | GE174: =IF(GD174,GC174,0) -> 0 | GF174: =GB174+GE174 -> 15483 | GG174: =ROUND(FY174-GF174,0) -> 0 | GH174: =GG174*0.04 -> 0 | GI174: =ROUNDUP(GG174+GH174,0) -> 0
A175: =_xlfn.AGGREGATE(3,5,$B$2:B175) -> 174 | B175: teachers265 | C175: BILAS DANDA | D175: KUNDULIA TAPASILI PRIMARY SCHOOL | E175: WBTPTA | F175: 0 | G175: 6000 | H175: 32500 | I175: =H175*0.1 -> 3250 | J175: =H175*0.12 -> 3900 | K175: 0 | L175: 500 | M175: =SUM(H175:L175) -> 40150 | N175: 2000 | O175: 0 | P175: =IF($F175=50000,0,IF(M175>40000,200,IF(M175>25000,150,IF(M175>15000,130,IF(M175>10000,110,0))))) -> 200 | Q175: =M175-N175-O175-P175 -> 37950 | R175: 32500 | S175: =R175*0.1 -> 3250 | T175: =R175*0.12 -> 3900 | U175: 0 | V175: 500 | W175: =SUM(R175:V175) -> 40150 | X175: 2000 | Y175: 0 | Z175: =IF($F175=50000,0,IF(W175>40000,200,IF(W175>25000,150,IF(W175>15000,130,IF(W175>10000,110,0))))) -> 200 | AA175: =W175-X175-Y175-Z175 -> 37950 | AB175: 32500 | AC175: =AB175*0.14 -> 4550 | AD175: =AB175*0.12 -> 3900 | AE175: 0 | AF175: 500 | AG175: =SUM(AB175:AF175) -> 41450 | AH175: 2000 | AI175: 0 | AJ175: =IF($F175=50000,0,IF(AG175>40000,200,IF(AG175>25000,150,IF(AG175>15000,130,IF(AG175>10000,110,0))))) -> 200 | AK175: =AG175-AH175-AI175-AJ175 -> 39250 | AL175: 32500 | AM175: =AL175*0.14 -> 4550 | AN175: =AL175*0.12 -> 3900 | AO175: 0 | AP175: 500 | AQ175: =SUM(AL175:AP175) -> 41450 | AR175: 2000 | AS175: 0 | AT175: =IF($F175=50000,0,IF(AQ175>40000,200,IF(AQ175>25000,150,IF(AQ175>15000,130,IF(AQ175>10000,110,0))))) -> 200 | AU175: =AQ175-AR175-AS175-AT175 -> 39250 | AV175: 33500 | AW175: =AV175*0.14 -> 4690 | AX175: =R175*0.04 -> 1300 | AY175: =AV175*0.12 -> 4020 | AZ175: 0 | BA175: 500 | BB175: =SUM(AV175:BA175) -> 44010 | BC175: 2500 | BD175: 0 | BE175: =IF($F175=50000,0,IF(BB175>40000,200,IF(BB175>25000,150,IF(BB175>15000,130,IF(BB175>10000,110,0))))) -> 200 | BF175: =BB175-BC175-BD175-BE175 -> 41310 | BG175: 33500 | BH175: =BG175*0.14 -> 4690 | BI175: =BG175*0.12 -> 4020 | BJ175: 0 | BK175: 500 | BL175: =SUM(BG175:BK175) -> 42710 | BM175: 2500 | BN175: 0 | BO175: =IF($F175=50000,0,IF(BL175>40000,200,IF(BL175>25000,150,IF(BL175>15000,130,IF(BL175>10000,110,0))))) -> 200 | BP175: =BL175-BM175-BN175-BO175 -> 40010 | BQ175: 33500 | BR175: =BQ175*0.14 -> 4690 | BS175: =BQ175*0.12 -> 4020 | BT175: 0 | BU175: 500 | BV175: =SUM(BQ175:BU175) -> 42710 | BW175: 2500 | BX175: 0 | BY175: =IF($F175=50000,0,IF(BV175>40000,200,IF(BV175>25000,150,IF(BV175>15000,130,IF(BV175>10000,110,0))))) -> 200 | BZ175: =BV175-BW175-BX175-BY175 -> 40010 | CA175: 33500 | CB175: =CA175*0.14 -> 4690 | CC175: =CA175*0.12 -> 4020 | CD175: 0 | CE175: 500 | CF175: =SUM(CA175:CE175) -> 42710 | CG175: 2500 | CH175: 0 | CI175: =IF($F175=50000,0,IF(CF175>40000,200,IF(CF175>25000,150,IF(CF175>15000,130,IF(CF175>10000,110,0))))) -> 200 | CJ175: =CF175-CG175-CH175-CI175 -> 40010 | CK175: 33500 | CL175: =CK175*0.14 -> 4690 | CM175: =CK175*0.12 -> 4020 | CN175: 0 | CO175: 500 | CP175: =SUM(CK175:CO175) -> 42710 | CQ175: 2500 | CR175: 0 | CS175: =IF($F175=50000,0,IF(CP175>40000,200,IF(CP175>25000,150,IF(CP175>15000,130,IF(CP175>10000,110,0))))) -> 200 | CT175: =CP175-CQ175-CR175-CS175 -> 40010 | CU175: 33500 | CV175: =ROUND(CU175*0.14,0) -> 4690 | CW175: =ROUND(CU175*0.12,0) -> 4020 | CX175: 0 | CY175: 500 | CZ175: =SUM(CU175:CY175) -> 42710 | DA175: 2500 | DB175: 0 | DC175: =IF($F175=50000,0,IF(CZ175>40000,200,IF(CZ175>25000,150,IF(CZ175>15000,130,IF(CZ175>10000,110,0))))) -> 200 | DD175: =CZ175-DA175-DB175-DC175 -> 40010 | DE175: 33500 | DF175: =DE175*0.14 -> 4690 | DG175: =DE175*0.12 -> 4020 | DH175: 0 | DI175: 500 | DJ175: =SUM(DE175:DI175) -> 42710 | DK175: 2500 | DL175: 0 | DM175: =IF($F175=50000,0,IF(DJ175>40000,200,IF(DJ175>25000,150,IF(DJ175>15000,130,IF(DJ175>10000,110,0))))) -> 200 | DN175: =DJ175-DK175-DL175-DM175 -> 40010 | DO175: 33500 | DP175: =DO175*0.14 -> 4690 | DQ175: =DO175*0.12 -> 4020 | DR175: 0 | DS175: 500 | DT175: =SUM(DO175:DS175) -> 42710 | DU175: 2500 | DV175: 0 | DW175: =IF($F175=50000,0,IF(DT175>40000,200,IF(DT175>25000,150,IF(DT175>15000,130,IF(DT175>10000,110,0))))) -> 200 | DX175: =DT175-DU175-DV175-DW175 -> 40010 | DY175: =DT175+DJ175+CZ175+CP175+CF175+BV175+BL175+BB175+AQ175+AG175+W175+M175+G175 -> 512180 | DZ175: =DW175+DM175+DC175+CS175+CI175+BY175+BO175+BE175+AT175+AJ175+Z175+P175 -> 2400 | EA175: =IF(DY175>0,50000,0) -> 50000 | EB175: 0 | EC175: =DY175-DZ175-EA175 -> 459780 | ED175: =DU175+DK175+DA175+CQ175+CG175+BW175+BM175+BC175+AR175+AH175+X175+N175 -> 28000 | EE175: =DV175+DL175+DB175+CR175+CH175+BX175+BN175+BD175+AS175+AI175+Y175+O175 -> 0 | EF175: 0 | EG175: 0 | EH175: 0 | EI175: 0 | EJ175: 0 | EK175: 0 | EL175: 0 | EM175: 0 | EN175: 0 | EO175: 0 | EP175: =SUM(ED175:EO175) -> 28000 | EQ175: =IF(EP175>=150000,150000,EP175) -> 28000 | ER175: =EC175-EQ175 -> 431780 | ES175: 0 | ET175: 0 | EU175: 0 | EV175: 0 | EW175: 0 | EX175: 0 | EY175: 0 | EZ175: =SUM(ES175:EY175)+F175 -> 0 | FA175: =ER175-EZ175 -> 431780 | FB175: =ROUND(IF(FA175>0,IF(FA175>500000,12500,(FA175-250000)*0.05),0),0) -> 9089 | FC175: =IF(ROUND(IF(FA175>0,IF(FA175>1000000,25000,(FA175-500000)*0.2),0),0)<0,0,ROUND(IF(FA175>0,IF(FA175>1000000,25000,(FA175-500000)*0.2),0),0)) -> 0 | FD175: =FB175+FC175 -> 9089 | FE175: =IF(FD175<12500,0,FD175) -> 0 | FF175: =FE175*0.04 -> 0 | FG175: =ROUND(FF175+FE175,0) -> 0 | FH175: 0 | FI175: =FG175-FH175 -> 0 | FJ175: =IF(DY175>500000,TRUE,FALSE) -> TRUE | FK175: =IF(FJ175,RANDBETWEEN(500,1000),RANDBETWEEN(1000,3000)) -> 935 | FL175: =DY175+FK175 -> 513115 | FM175: =IF(DY175>0,75000,0) -> 75000 | FN175: =FL175-FM175 -> 438115 | FO175: =IF(FN175>1500000,FN175-1500000,0) -> 0 | FP175: =FO175*0.3 -> 0 | FQ175: =IF(FN175>1200000,FN175-1200000-FO175,0) -> 0 | FR175: =FQ175*0.2 -> 0 | FS175: =IF(FN175>1000000,FN175-1000000-F175-FQ175,0) -> 0 | FT175: =FS175*0.15 -> 0 | FU175: =IF(FN175>700000,FN175-700000-FO175-FQ175-FS175,0) -> 0 | FV175: =FU175*0.1 -> 0 | FW175: =IF(FN175>300000,FN175-300000-FO175-FQ175-FS175-FU175,0) -> 138115 | FX175: =FW175*0.05 -> 6905.75 | FY175: =ROUND(FP175+FR175+FT175+FV175+FX175,0) -> 6906 | FZ175: =IF(FN175>700000,FN175,0) -> 0 | GA175: =IF(FN175>700000,FZ175-700000,0) -> 0 | GB175: =IF(FN175<700001,MIN(FY175,25000),0) -> 6906 | GC175: =IF(FN175>700000,FY175-GA175,0) -> 0 | GD175: =IF(GC175>0,TRUE,FALSE) -> FALSE | GE175: =IF(GD175,GC175,0) -> 0 | GF175: =GB175+GE175 -> 6906 | GG175: =ROUND(FY175-GF175,0) -> 0 | GH175: =GG175*0.04 -> 0 | GI175: =ROUNDUP(GG175+GH175,0) -> 0
A176: =_xlfn.AGGREGATE(3,5,$B$2:B176) -> 175 | B176: teachers266 | C176: USUB ALI | D176: KUNDULIA TAPASILI PRIMARY SCHOOL | E176: WBTPTA | F176: 0 | G176: 6000 | H176: 32500 | I176: =H176*0.1 -> 3250 | J176: =H176*0.12 -> 3900 | K176: 0 | L176: 500 | M176: =SUM(H176:L176) -> 40150 | N176: 2000 | O176: 0 | P176: =IF($F176=50000,0,IF(M176>40000,200,IF(M176>25000,150,IF(M176>15000,130,IF(M176>10000,110,0))))) -> 200 | Q176: =M176-N176-O176-P176 -> 37950 | R176: 32500 | S176: =R176*0.1 -> 3250 | T176: =R176*0.12 -> 3900 | U176: 0 | V176: 500 | W176: =SUM(R176:V176) -> 40150 | X176: 2000 | Y176: 0 | Z176: =IF($F176=50000,0,IF(W176>40000,200,IF(W176>25000,150,IF(W176>15000,130,IF(W176>10000,110,0))))) -> 200 | AA176: =W176-X176-Y176-Z176 -> 37950 | AB176: 32500 | AC176: =AB176*0.14 -> 4550 | AD176: =AB176*0.12 -> 3900 | AE176: 0 | AF176: 500 | AG176: =SUM(AB176:AF176) -> 41450 | AH176: 2000 | AI176: 0 | AJ176: =IF($F176=50000,0,IF(AG176>40000,200,IF(AG176>25000,150,IF(AG176>15000,130,IF(AG176>10000,110,0))))) -> 200 | AK176: =AG176-AH176-AI176-AJ176 -> 39250 | AL176: 32500 | AM176: =AL176*0.14 -> 4550 | AN176: =AL176*0.12 -> 3900 | AO176: 0 | AP176: 500 | AQ176: =SUM(AL176:AP176) -> 41450 | AR176: 2000 | AS176: 0 | AT176: =IF($F176=50000,0,IF(AQ176>40000,200,IF(AQ176>25000,150,IF(AQ176>15000,130,IF(AQ176>10000,110,0))))) -> 200 | AU176: =AQ176-AR176-AS176-AT176 -> 39250 | AV176: 33500 | AW176: =AV176*0.14 -> 4690 | AX176: =R176*0.04 -> 1300 | AY176: =AV176*0.12 -> 4020 | AZ176: 0 | BA176: 500 | BB176: =SUM(AV176:BA176) -> 44010 | BC176: 2500 | BD176: 0 | BE176: =IF($F176=50000,0,IF(BB176>40000,200,IF(BB176>25000,150,IF(BB176>15000,130,IF(BB176>10000,110,0))))) -> 200 | BF176: =BB176-BC176-BD176-BE176 -> 41310 | BG176: 33500 | BH176: =BG176*0.14 -> 4690 | BI176: =BG176*0.12 -> 4020 | BJ176: 0 | BK176: 500 | BL176: =SUM(BG176:BK176) -> 42710 | BM176: 2500 | BN176: 0 | BO176: =IF($F176=50000,0,IF(BL176>40000,200,IF(BL176>25000,150,IF(BL176>15000,130,IF(BL176>10000,110,0))))) -> 200 | BP176: =BL176-BM176-BN176-BO176 -> 40010 | BQ176: 33500 | BR176: =BQ176*0.14 -> 4690 | BS176: =BQ176*0.12 -> 4020 | BT176: 0 | BU176: 500 | BV176: =SUM(BQ176:BU176) -> 42710 | BW176: 2500 | BX176: 0 | BY176: =IF($F176=50000,0,IF(BV176>40000,200,IF(BV176>25000,150,IF(BV176>15000,130,IF(BV176>10000,110,0))))) -> 200 | BZ176: =BV176-BW176-BX176-BY176 -> 40010 | CA176: 33500 | CB176: =CA176*0.14 -> 4690 | CC176: =CA176*0.12 -> 4020 | CD176: 0 | CE176: 500 | CF176: =SUM(CA176:CE176) -> 42710 | CG176: 2500 | CH176: 0 | CI176: =IF($F176=50000,0,IF(CF176>40000,200,IF(CF176>25000,150,IF(CF176>15000,130,IF(CF176>10000,110,0))))) -> 200 | CJ176: =CF176-CG176-CH176-CI176 -> 40010 | CK176: 33500 | CL176: =CK176*0.14 -> 4690 | CM176: =CK176*0.12 -> 4020 | CN176: 0 | CO176: 500 | CP176: =SUM(CK176:CO176) -> 42710 | CQ176: 2500 | CR176: 0 | CS176: =IF($F176=50000,0,IF(CP176>40000,200,IF(CP176>25000,150,IF(CP176>15000,130,IF(CP176>10000,110,0))))) -> 200 | CT176: =CP176-CQ176-CR176-CS176 -> 40010 | CU176: 33500 | CV176: =ROUND(CU176*0.14,0) -> 4690 | CW176: =ROUND(CU176*0.12,0) -> 4020 | CX176: 0 | CY176: 500 | CZ176: =SUM(CU176:CY176) -> 42710 | DA176: 2500 | DB176: 0 | DC176: =IF($F176=50000,0,IF(CZ176>40000,200,IF(CZ176>25000,150,IF(CZ176>15000,130,IF(CZ176>10000,110,0))))) -> 200 | DD176: =CZ176-DA176-DB176-DC176 -> 40010 | DE176: 33500 | DF176: =DE176*0.14 -> 4690 | DG176: =DE176*0.12 -> 4020 | DH176: 0 | DI176: 500 | DJ176: =SUM(DE176:DI176) -> 42710 | DK176: 2500 | DL176: 0 | DM176: =IF($F176=50000,0,IF(DJ176>40000,200,IF(DJ176>25000,150,IF(DJ176>15000,130,IF(DJ176>10000,110,0))))) -> 200 | DN176: =DJ176-DK176-DL176-DM176 -> 40010 | DO176: 33500 | DP176: =DO176*0.14 -> 4690 | DQ176: =DO176*0.12 -> 4020 | DR176: 0 | DS176: 500 | DT176: =SUM(DO176:DS176) -> 42710 | DU176: 2500 | DV176: 0 | DW176: =IF($F176=50000,0,IF(DT176>40000,200,IF(DT176>25000,150,IF(DT176>15000,130,IF(DT176>10000,110,0))))) -> 200 | DX176: =DT176-DU176-DV176-DW176 -> 40010 | DY176: =DT176+DJ176+CZ176+CP176+CF176+BV176+BL176+BB176+AQ176+AG176+W176+M176+G176 -> 512180 | DZ176: =DW176+DM176+DC176+CS176+CI176+BY176+BO176+BE176+AT176+AJ176+Z176+P176 -> 2400 | EA176: =IF(DY176>0,50000,0) -> 50000 | EB176: 0 | EC176: =DY176-DZ176-EA176 -> 459780 | ED176: =DU176+DK176+DA176+CQ176+CG176+BW176+BM176+BC176+AR176+AH176+X176+N176 -> 28000 | EE176: =DV176+DL176+DB176+CR176+CH176+BX176+BN176+BD176+AS176+AI176+Y176+O176 -> 0 | EF176: 0 | EG176: 0 | EH176: 0 | EI176: 0 | EJ176: 0 | EK176: 0 | EL176: 0 | EM176: 0 | EN176: 0 | EO176: 0 | EP176: =SUM(ED176:EO176) -> 28000 | EQ176: =IF(EP176>=150000,150000,EP176) -> 28000 | ER176: =EC176-EQ176 -> 431780 | ES176: 0 | ET176: 0 | EU176: 0 | EV176: 0 | EW176: 0 | EX176: 0 | EY176: 0 | EZ176: =SUM(ES176:EY176)+F176 -> 0 | FA176: =ER176-EZ176 -> 431780 | FB176: =ROUND(IF(FA176>0,IF(FA176>500000,12500,(FA176-250000)*0.05),0),0) -> 9089 | FC176: =IF(ROUND(IF(FA176>0,IF(FA176>1000000,25000,(FA176-500000)*0.2),0),0)<0,0,ROUND(IF(FA176>0,IF(FA176>1000000,25000,(FA176-500000)*0.2),0),0)) -> 0 | FD176: =FB176+FC176 -> 9089 | FE176: =IF(FD176<12500,0,FD176) -> 0 | FF176: =FE176*0.04 -> 0 | FG176: =ROUND(FF176+FE176,0) -> 0 | FH176: 0 | FI176: =FG176-FH176 -> 0 | FJ176: =IF(DY176>500000,TRUE,FALSE) -> TRUE | FK176: =IF(FJ176,RANDBETWEEN(500,1000),RANDBETWEEN(1000,3000)) -> 716 | FL176: =DY176+FK176 -> 512896 | FM176: =IF(DY176>0,75000,0) -> 75000 | FN176: =FL176-FM176 -> 437896 | FO176: =IF(FN176>1500000,FN176-1500000,0) -> 0 | FP176: =FO176*0.3 -> 0 | FQ176: =IF(FN176>1200000,FN176-1200000-FO176,0) -> 0 | FR176: =FQ176*0.2 -> 0 | FS176: =IF(FN176>1000000,FN176-1000000-F176-FQ176,0) -> 0 | FT176: =FS176*0.15 -> 0 | FU176: =IF(FN176>700000,FN176-700000-FO176-FQ176-FS176,0) -> 0 | FV176: =FU176*0.1 -> 0 | FW176: =IF(FN176>300000,FN176-300000-FO176-FQ176-FS176-FU176,0) -> 137896 | FX176: =FW176*0.05 -> 6894.8 | FY176: =ROUND(FP176+FR176+FT176+FV176+FX176,0) -> 6895 | FZ176: =IF(FN176>700000,FN176,0) -> 0 | GA176: =IF(FN176>700000,FZ176-700000,0) -> 0 | GB176: =IF(FN176<700001,MIN(FY176,25000),0) -> 6895 | GC176: =IF(FN176>700000,FY176-GA176,0) -> 0 | GD176: =IF(GC176>0,TRUE,FALSE) -> FALSE | GE176: =IF(GD176,GC176,0) -> 0 | GF176: =GB176+GE176 -> 6895 | GG176: =ROUND(FY176-GF176,0) -> 0 | GH176: =GG176*0.04 -> 0 | GI176: =ROUNDUP(GG176+GH176,0) -> 0
A177: =_xlfn.AGGREGATE(3,5,$B$2:B177) -> 176 | B177: teachers267 | C177: NIRMALYA DAS | D177: MAHAKALPUR MC HIGH ATT PRIMARY SCHOOL | E177: WBTPTA | F177: 0 | G177: 6000 | H177: 32500 | I177: =H177*0.1 -> 3250 | J177: =H177*0.12 -> 3900 | K177: 400 | L177: 500 | M177: =SUM(H177:L177) -> 40550 | N177: 3000 | O177: 0 | P177: =IF($F177=50000,0,IF(M177>40000,200,IF(M177>25000,150,IF(M177>15000,130,IF(M177>10000,110,0))))) -> 200 | Q177: =M177-N177-O177-P177 -> 37350 | R177: 32500 | S177: =R177*0.1 -> 3250 | T177: =R177*0.12 -> 3900 | U177: 400 | V177: 500 | W177: =SUM(R177:V177) -> 40550 | X177: 3000 | Y177: 0 | Z177: =IF($F177=50000,0,IF(W177>40000,200,IF(W177>25000,150,IF(W177>15000,130,IF(W177>10000,110,0))))) -> 200 | AA177: =W177-X177-Y177-Z177 -> 37350 | AB177: 32500 | AC177: =AB177*0.14 -> 4550 | AD177: =AB177*0.12 -> 3900 | AE177: 400 | AF177: 500 | AG177: =SUM(AB177:AF177) -> 41850 | AH177: 3000 | AI177: 0 | AJ177: =IF($F177=50000,0,IF(AG177>40000,200,IF(AG177>25000,150,IF(AG177>15000,130,IF(AG177>10000,110,0))))) -> 200 | AK177: =AG177-AH177-AI177-AJ177 -> 38650 | AL177: 32500 | AM177: =AL177*0.14 -> 4550 | AN177: =AL177*0.12 -> 3900 | AO177: 400 | AP177: 500 | AQ177: =SUM(AL177:AP177) -> 41850 | AR177: 3000 | AS177: 0 | AT177: =IF($F177=50000,0,IF(AQ177>40000,200,IF(AQ177>25000,150,IF(AQ177>15000,130,IF(AQ177>10000,110,0))))) -> 200 | AU177: =AQ177-AR177-AS177-AT177 -> 38650 | AV177: 33500 | AW177: =AV177*0.14 -> 4690 | AX177: =R177*0.04 -> 1300 | AY177: =AV177*0.12 -> 4020 | AZ177: 400 | BA177: 500 | BB177: =SUM(AV177:BA177) -> 44410 | BC177: 3000 | BD177: 0 | BE177: =IF($F177=50000,0,IF(BB177>40000,200,IF(BB177>25000,150,IF(BB177>15000,130,IF(BB177>10000,110,0))))) -> 200 | BF177: =BB177-BC177-BD177-BE177 -> 41210 | BG177: 33500 | BH177: =BG177*0.14 -> 4690 | BI177: =BG177*0.12 -> 4020 | BJ177: 400 | BK177: 500 | BL177: =SUM(BG177:BK177) -> 43110 | BM177: 3000 | BN177: 0 | BO177: =IF($F177=50000,0,IF(BL177>40000,200,IF(BL177>25000,150,IF(BL177>15000,130,IF(BL177>10000,110,0))))) -> 200 | BP177: =BL177-BM177-BN177-BO177 -> 39910 | BQ177: 33500 | BR177: =BQ177*0.14 -> 4690 | BS177: =BQ177*0.12 -> 4020 | BT177: 400 | BU177: 500 | BV177: =SUM(BQ177:BU177) -> 43110 | BW177: 3000 | BX177: 0 | BY177: =IF($F177=50000,0,IF(BV177>40000,200,IF(BV177>25000,150,IF(BV177>15000,130,IF(BV177>10000,110,0))))) -> 200 | BZ177: =BV177-BW177-BX177-BY177 -> 39910 | CA177: 33500 | CB177: =CA177*0.14 -> 4690 | CC177: =CA177*0.12 -> 4020 | CD177: 400 | CE177: 500 | CF177: =SUM(CA177:CE177) -> 43110 | CG177: 3000 | CH177: 0 | CI177: =IF($F177=50000,0,IF(CF177>40000,200,IF(CF177>25000,150,IF(CF177>15000,130,IF(CF177>10000,110,0))))) -> 200 | CJ177: =CF177-CG177-CH177-CI177 -> 39910 | CK177: 33500 | CL177: =CK177*0.14 -> 4690 | CM177: =CK177*0.12 -> 4020 | CN177: 400 | CO177: 500 | CP177: =SUM(CK177:CO177) -> 43110 | CQ177: 3000 | CR177: 0 | CS177: =IF($F177=50000,0,IF(CP177>40000,200,IF(CP177>25000,150,IF(CP177>15000,130,IF(CP177>10000,110,0))))) -> 200 | CT177: =CP177-CQ177-CR177-CS177 -> 39910 | CU177: 33500 | CV177: =ROUND(CU177*0.14,0) -> 4690 | CW177: =ROUND(CU177*0.12,0) -> 4020 | CX177: 400 | CY177: 500 | CZ177: =SUM(CU177:CY177) -> 43110 | DA177: 3000 | DB177: 0 | DC177: =IF($F177=50000,0,IF(CZ177>40000,200,IF(CZ177>25000,150,IF(CZ177>15000,130,IF(CZ177>10000,110,0))))) -> 200 | DD177: =CZ177-DA177-DB177-DC177 -> 39910 | DE177: 33500 | DF177: =DE177*0.14 -> 4690 | DG177: =DE177*0.12 -> 4020 | DH177: 400 | DI177: 500 | DJ177: =SUM(DE177:DI177) -> 43110 | DK177: 3000 | DL177: 0 | DM177: =IF($F177=50000,0,IF(DJ177>40000,200,IF(DJ177>25000,150,IF(DJ177>15000,130,IF(DJ177>10000,110,0))))) -> 200 | DN177: =DJ177-DK177-DL177-DM177 -> 39910 | DO177: 33500 | DP177: =DO177*0.14 -> 4690 | DQ177: =DO177*0.12 -> 4020 | DR177: 400 | DS177: 500 | DT177: =SUM(DO177:DS177) -> 43110 | DU177: 3000 | DV177: 0 | DW177: =IF($F177=50000,0,IF(DT177>40000,200,IF(DT177>25000,150,IF(DT177>15000,130,IF(DT177>10000,110,0))))) -> 200 | DX177: =DT177-DU177-DV177-DW177 -> 39910 | DY177: =DT177+DJ177+CZ177+CP177+CF177+BV177+BL177+BB177+AQ177+AG177+W177+M177+G177 -> 516980 | DZ177: =DW177+DM177+DC177+CS177+CI177+BY177+BO177+BE177+AT177+AJ177+Z177+P177 -> 2400 | EA177: =IF(DY177>0,50000,0) -> 50000 | EB177: 0 | EC177: =DY177-DZ177-EA177 -> 464580 | ED177: =DU177+DK177+DA177+CQ177+CG177+BW177+BM177+BC177+AR177+AH177+X177+N177 -> 36000 | EE177: =DV177+DL177+DB177+CR177+CH177+BX177+BN177+BD177+AS177+AI177+Y177+O177 -> 0 | EF177: 0 | EG177: 0 | EH177: 0 | EI177: 0 | EJ177: 0 | EK177: 0 | EL177: 0 | EM177: 0 | EN177: 0 | EO177: 0 | EP177: =SUM(ED177:EO177) -> 36000 | EQ177: =IF(EP177>=150000,150000,EP177) -> 36000 | ER177: =EC177-EQ177 -> 428580 | ES177: 0 | ET177: 0 | EU177: 0 | EV177: 0 | EW177: 0 | EX177: 0 | EY177: 0 | EZ177: =SUM(ES177:EY177)+F177 -> 0 | FA177: =ER177-EZ177 -> 428580 | FB177: =ROUND(IF(FA177>0,IF(FA177>500000,12500,(FA177-250000)*0.05),0),0) -> 8929 | FC177: =IF(ROUND(IF(FA177>0,IF(FA177>1000000,25000,(FA177-500000)*0.2),0),0)<0,0,ROUND(IF(FA177>0,IF(FA177>1000000,25000,(FA177-500000)*0.2),0),0)) -> 0 | FD177: =FB177+FC177 -> 8929 | FE177: =IF(FD177<12500,0,FD177) -> 0 | FF177: =FE177*0.04 -> 0 | FG177: =ROUND(FF177+FE177,0) -> 0 | FH177: 0 | FI177: =FG177-FH177 -> 0 | FJ177: =IF(DY177>500000,TRUE,FALSE) -> TRUE | FK177: =IF(FJ177,RANDBETWEEN(500,1000),RANDBETWEEN(1000,3000)) -> 603 | FL177: =DY177+FK177 -> 517583 | FM177: =IF(DY177>0,75000,0) -> 75000 | FN177: =FL177-FM177 -> 442583 | FO177: =IF(FN177>1500000,FN177-1500000,0) -> 0 | FP177: =FO177*0.3 -> 0 | FQ177: =IF(FN177>1200000,FN177-1200000-FO177,0) -> 0 | FR177: =FQ177*0.2 -> 0 | FS177: =IF(FN177>1000000,FN177-1000000-F177-FQ177,0) -> 0 | FT177: =FS177*0.15 -> 0 | FU177: =IF(FN177>700000,FN177-700000-FO177-FQ177-FS177,0) -> 0 | FV177: =FU177*0.1 -> 0 | FW177: =IF(FN177>300000,FN177-300000-FO177-FQ177-FS177-FU177,0) -> 142583 | FX177: =FW177*0.05 -> 7129.15 | FY177: =ROUND(FP177+FR177+FT177+FV177+FX177,0) -> 7129 | FZ177: =IF(FN177>700000,FN177,0) -> 0 | GA177: =IF(FN177>700000,FZ177-700000,0) -> 0 | GB177: =IF(FN177<700001,MIN(FY177,25000),0) -> 7129 | GC177: =IF(FN177>700000,FY177-GA177,0) -> 0 | GD177: =IF(GC177>0,TRUE,FALSE) -> FALSE | GE177: =IF(GD177,GC177,0) -> 0 | GF177: =GB177+GE177 -> 7129 | GG177: =ROUND(FY177-GF177,0) -> 0 | GH177: =GG177*0.04 -> 0 | GI177: =ROUNDUP(GG177+GH177,0) -> 0
A178: =_xlfn.AGGREGATE(3,5,$B$2:B178) -> 177 | B178: teachers268 | C178: TANUJ RONG | D178: MAHAKALPUR MC HIGH ATT PRIMARY SCHOOL | E178: WBTPTA | F178: 0 | G178: 6000 | H178: 32500 | I178: =H178*0.1 -> 3250 | J178: =H178*0.12 -> 3900 | K178: 0 | L178: 500 | M178: =SUM(H178:L178) -> 40150 | N178: 3000 | O178: 0 | P178: =IF($F178=50000,0,IF(M178>40000,200,IF(M178>25000,150,IF(M178>15000,130,IF(M178>10000,110,0))))) -> 200 | Q178: =M178-N178-O178-P178 -> 36950 | R178: 32500 | S178: =R178*0.1 -> 3250 | T178: =R178*0.12 -> 3900 | U178: 0 | V178: 500 | W178: =SUM(R178:V178) -> 40150 | X178: 3000 | Y178: 0 | Z178: =IF($F178=50000,0,IF(W178>40000,200,IF(W178>25000,150,IF(W178>15000,130,IF(W178>10000,110,0))))) -> 200 | AA178: =W178-X178-Y178-Z178 -> 36950 | AB178: 32500 | AC178: =AB178*0.14 -> 4550 | AD178: =AB178*0.12 -> 3900 | AE178: 0 | AF178: 500 | AG178: =SUM(AB178:AF178) -> 41450 | AH178: 3000 | AI178: 0 | AJ178: =IF($F178=50000,0,IF(AG178>40000,200,IF(AG178>25000,150,IF(AG178>15000,130,IF(AG178>10000,110,0))))) -> 200 | AK178: =AG178-AH178-AI178-AJ178 -> 38250 | AL178: 32500 | AM178: =AL178*0.14 -> 4550 | AN178: =AL178*0.12 -> 3900 | AO178: 0 | AP178: 500 | AQ178: =SUM(AL178:AP178) -> 41450 | AR178: 3000 | AS178: 0 | AT178: =IF($F178=50000,0,IF(AQ178>40000,200,IF(AQ178>25000,150,IF(AQ178>15000,130,IF(AQ178>10000,110,0))))) -> 200 | AU178: =AQ178-AR178-AS178-AT178 -> 38250 | AV178: 34500 | AW178: =AV178*0.14 -> 4830 | AX178: =R178*0.04 -> 1300 | AY178: =AV178*0.12 -> 4140 | AZ178: 0 | BA178: 500 | BB178: =SUM(AV178:BA178) -> 45270 | BC178: 3000 | BD178: 0 | BE178: =IF($F178=50000,0,IF(BB178>40000,200,IF(BB178>25000,150,IF(BB178>15000,130,IF(BB178>10000,110,0))))) -> 200 | BF178: =BB178-BC178-BD178-BE178 -> 42070 | BG178: 34500 | BH178: =BG178*0.14 -> 4830 | BI178: =BG178*0.12 -> 4140 | BJ178: 0 | BK178: 500 | BL178: =SUM(BG178:BK178) -> 43970 | BM178: 3000 | BN178: 0 | BO178: =IF($F178=50000,0,IF(BL178>40000,200,IF(BL178>25000,150,IF(BL178>15000,130,IF(BL178>10000,110,0))))) -> 200 | BP178: =BL178-BM178-BN178-BO178 -> 40770 | BQ178: 34500 | BR178: =BQ178*0.14 -> 4830 | BS178: =BQ178*0.12 -> 4140 | BT178: 0 | BU178: 500 | BV178: =SUM(BQ178:BU178) -> 43970 | BW178: 3000 | BX178: 0 | BY178: =IF($F178=50000,0,IF(BV178>40000,200,IF(BV178>25000,150,IF(BV178>15000,130,IF(BV178>10000,110,0))))) -> 200 | BZ178: =BV178-BW178-BX178-BY178 -> 40770 | CA178: 34500 | CB178: =CA178*0.14 -> 4830 | CC178: =CA178*0.12 -> 4140 | CD178: 0 | CE178: 500 | CF178: =SUM(CA178:CE178) -> 43970 | CG178: 3000 | CH178: 0 | CI178: =IF($F178=50000,0,IF(CF178>40000,200,IF(CF178>25000,150,IF(CF178>15000,130,IF(CF178>10000,110,0))))) -> 200 | CJ178: =CF178-CG178-CH178-CI178 -> 40770 | CK178: 34500 | CL178: =CK178*0.14 -> 4830 | CM178: =CK178*0.12 -> 4140 | CN178: 0 | CO178: 500 | CP178: =SUM(CK178:CO178) -> 43970 | CQ178: 3000 | CR178: 0 | CS178: =IF($F178=50000,0,IF(CP178>40000,200,IF(CP178>25000,150,IF(CP178>15000,130,IF(CP178>10000,110,0))))) -> 200 | CT178: =CP178-CQ178-CR178-CS178 -> 40770 | CU178: 34500 | CV178: =ROUND(CU178*0.14,0) -> 4830 | CW178: =ROUND(CU178*0.12,0) -> 4140 | CX178: 0 | CY178: 500 | CZ178: =SUM(CU178:CY178) -> 43970 | DA178: 3000 | DB178: 0 | DC178: =IF($F178=50000,0,IF(CZ178>40000,200,IF(CZ178>25000,150,IF(CZ178>15000,130,IF(CZ178>10000,110,0))))) -> 200 | DD178: =CZ178-DA178-DB178-DC178 -> 40770 | DE178: 34500 | DF178: =DE178*0.14 -> 4830 | DG178: =DE178*0.12 -> 4140 | DH178: 0 | DI178: 500 | DJ178: =SUM(DE178:DI178) -> 43970 | DK178: 3000 | DL178: 0 | DM178: =IF($F178=50000,0,IF(DJ178>40000,200,IF(DJ178>25000,150,IF(DJ178>15000,130,IF(DJ178>10000,110,0))))) -> 200 | DN178: =DJ178-DK178-DL178-DM178 -> 40770 | DO178: 34500 | DP178: =DO178*0.14 -> 4830 | DQ178: =DO178*0.12 -> 4140 | DR178: 0 | DS178: 500 | DT178: =SUM(DO178:DS178) -> 43970 | DU178: 3000 | DV178: 0 | DW178: =IF($F178=50000,0,IF(DT178>40000,200,IF(DT178>25000,150,IF(DT178>15000,130,IF(DT178>10000,110,0))))) -> 200 | DX178: =DT178-DU178-DV178-DW178 -> 40770 | DY178: =DT178+DJ178+CZ178+CP178+CF178+BV178+BL178+BB178+AQ178+AG178+W178+M178+G178 -> 522260 | DZ178: =DW178+DM178+DC178+CS178+CI178+BY178+BO178+BE178+AT178+AJ178+Z178+P178 -> 2400 | EA178: =IF(DY178>0,50000,0) -> 50000 | EB178: 0 | EC178: =DY178-DZ178-EA178 -> 469860 | ED178: =DU178+DK178+DA178+CQ178+CG178+BW178+BM178+BC178+AR178+AH178+X178+N178 -> 36000 | EE178: =DV178+DL178+DB178+CR178+CH178+BX178+BN178+BD178+AS178+AI178+Y178+O178 -> 0 | EF178: 0 | EG178: 0 | EH178: 0 | EI178: 0 | EJ178: 0 | EK178: 0 | EL178: 0 | EM178: 0 | EN178: 0 | EO178: 0 | EP178: =SUM(ED178:EO178) -> 36000 | EQ178: =IF(EP178>=150000,150000,EP178) -> 36000 | ER178: =EC178-EQ178 -> 433860 | ES178: 0 | ET178: 0 | EU178: 0 | EV178: 0 | EW178: 0 | EX178: 0 | EY178: 0 | EZ178: =SUM(ES178:EY178)+F178 -> 0 | FA178: =ER178-EZ178 -> 433860 | FB178: =ROUND(IF(FA178>0,IF(FA178>500000,12500,(FA178-250000)*0.05),0),0) -> 9193 | FC178: =IF(ROUND(IF(FA178>0,IF(FA178>1000000,25000,(FA178-500000)*0.2),0),0)<0,0,ROUND(IF(FA178>0,IF(FA178>1000000,25000,(FA178-500000)*0.2),0),0)) -> 0 | FD178: =FB178+FC178 -> 9193 | FE178: =IF(FD178<12500,0,FD178) -> 0 | FF178: =FE178*0.04 -> 0 | FG178: =ROUND(FF178+FE178,0) -> 0 | FH178: 0 | FI178: =FG178-FH178 -> 0 | FJ178: =IF(DY178>500000,TRUE,FALSE) -> TRUE | FK178: =IF(FJ178,RANDBETWEEN(500,1000),RANDBETWEEN(1000,3000)) -> 883 | FL178: =DY178+FK178 -> 523143 | FM178: =IF(DY178>0,75000,0) -> 75000 | FN178: =FL178-FM178 -> 448143 | FO178: =IF(FN178>1500000,FN178-1500000,0) -> 0 | FP178: =FO178*0.3 -> 0 | FQ178: =IF(FN178>1200000,FN178-1200000-FO178,0) -> 0 | FR178: =FQ178*0.2 -> 0 | FS178: =IF(FN178>1000000,FN178-1000000-F178-FQ178,0) -> 0 | FT178: =FS178*0.15 -> 0 | FU178: =IF(FN178>700000,FN178-700000-FO178-FQ178-FS178,0) -> 0 | FV178: =FU178*0.1 -> 0 | FW178: =IF(FN178>300000,FN178-300000-FO178-FQ178-FS178-FU178,0) -> 148143 | FX178: =FW178*0.05 -> 7407.15 | FY178: =ROUND(FP178+FR178+FT178+FV178+FX178,0) -> 7407 | FZ178: =IF(FN178>700000,FN178,0) -> 0 | GA178: =IF(FN178>700000,FZ178-700000,0) -> 0 | GB178: =IF(FN178<700001,MIN(FY178,25000),0) -> 7407 | GC178: =IF(FN178>700000,FY178-GA178,0) -> 0 | GD178: =IF(GC178>0,TRUE,FALSE) -> FALSE | GE178: =IF(GD178,GC178,0) -> 0 | GF178: =GB178+GE178 -> 7407 | GG178: =ROUND(FY178-GF178,0) -> 0 | GH178: =GG178*0.04 -> 0 | GI178: =ROUNDUP(GG178+GH178,0) -> 0
A179: =_xlfn.AGGREGATE(3,5,$B$2:B179) -> 178 | B179: teachers269 | C179: SUSANTA PAL | D179: MAHAKALPUR MC HIGH ATT PRIMARY SCHOOL | E179: WBTPTA | F179: 0 | G179: 6000 | H179: 32500 | I179: =H179*0.1 -> 3250 | J179: =H179*0.12 -> 3900 | K179: 0 | L179: 500 | M179: =SUM(H179:L179) -> 40150 | N179: 3000 | O179: 0 | P179: =IF($F179=50000,0,IF(M179>40000,200,IF(M179>25000,150,IF(M179>15000,130,IF(M179>10000,110,0))))) -> 200 | Q179: =M179-N179-O179-P179 -> 36950 | R179: 32500 | S179: =R179*0.1 -> 3250 | T179: =R179*0.12 -> 3900 | U179: 0 | V179: 500 | W179: =SUM(R179:V179) -> 40150 | X179: 3000 | Y179: 0 | Z179: =IF($F179=50000,0,IF(W179>40000,200,IF(W179>25000,150,IF(W179>15000,130,IF(W179>10000,110,0))))) -> 200 | AA179: =W179-X179-Y179-Z179 -> 36950 | AB179: 32500 | AC179: =AB179*0.14 -> 4550 | AD179: =AB179*0.12 -> 3900 | AE179: 0 | AF179: 500 | AG179: =SUM(AB179:AF179) -> 41450 | AH179: 3000 | AI179: 0 | AJ179: =IF($F179=50000,0,IF(AG179>40000,200,IF(AG179>25000,150,IF(AG179>15000,130,IF(AG179>10000,110,0))))) -> 200 | AK179: =AG179-AH179-AI179-AJ179 -> 38250 | AL179: 32500 | AM179: =AL179*0.14 -> 4550 | AN179: =AL179*0.12 -> 3900 | AO179: 0 | AP179: 500 | AQ179: =SUM(AL179:AP179) -> 41450 | AR179: 3000 | AS179: 0 | AT179: =IF($F179=50000,0,IF(AQ179>40000,200,IF(AQ179>25000,150,IF(AQ179>15000,130,IF(AQ179>10000,110,0))))) -> 200 | AU179: =AQ179-AR179-AS179-AT179 -> 38250 | AV179: 33500 | AW179: =AV179*0.14 -> 4690 | AX179: =R179*0.04 -> 1300 | AY179: =AV179*0.12 -> 4020 | AZ179: 0 | BA179: 500 | BB179: =SUM(AV179:BA179) -> 44010 | BC179: 3000 | BD179: 0 | BE179: =IF($F179=50000,0,IF(BB179>40000,200,IF(BB179>25000,150,IF(BB179>15000,130,IF(BB179>10000,110,0))))) -> 200 | BF179: =BB179-BC179-BD179-BE179 -> 40810 | BG179: 33500 | BH179: =BG179*0.14 -> 4690 | BI179: =BG179*0.12 -> 4020 | BJ179: 0 | BK179: 500 | BL179: =SUM(BG179:BK179) -> 42710 | BM179: 3000 | BN179: 0 | BO179: =IF($F179=50000,0,IF(BL179>40000,200,IF(BL179>25000,150,IF(BL179>15000,130,IF(BL179>10000,110,0))))) -> 200 | BP179: =BL179-BM179-BN179-BO179 -> 39510 | BQ179: 33500 | BR179: =BQ179*0.14 -> 4690 | BS179: =BQ179*0.12 -> 4020 | BT179: 0 | BU179: 500 | BV179: =SUM(BQ179:BU179) -> 42710 | BW179: 3000 | BX179: 0 | BY179: =IF($F179=50000,0,IF(BV179>40000,200,IF(BV179>25000,150,IF(BV179>15000,130,IF(BV179>10000,110,0))))) -> 200 | BZ179: =BV179-BW179-BX179-BY179 -> 39510 | CA179: 33500 | CB179: =CA179*0.14 -> 4690 | CC179: =CA179*0.12 -> 4020 | CD179: 0 | CE179: 500 | CF179: =SUM(CA179:CE179) -> 42710 | CG179: 3000 | CH179: 0 | CI179: =IF($F179=50000,0,IF(CF179>40000,200,IF(CF179>25000,150,IF(CF179>15000,130,IF(CF179>10000,110,0))))) -> 200 | CJ179: =CF179-CG179-CH179-CI179 -> 39510 | CK179: 33500 | CL179: =CK179*0.14 -> 4690 | CM179: =CK179*0.12 -> 4020 | CN179: 0 | CO179: 500 | CP179: =SUM(CK179:CO179) -> 42710 | CQ179: 3000 | CR179: 0 | CS179: =IF($F179=50000,0,IF(CP179>40000,200,IF(CP179>25000,150,IF(CP179>15000,130,IF(CP179>10000,110,0))))) -> 200 | CT179: =CP179-CQ179-CR179-CS179 -> 39510 | CU179: 33500 | CV179: =ROUND(CU179*0.14,0) -> 4690 | CW179: =ROUND(CU179*0.12,0) -> 4020 | CX179: 0 | CY179: 500 | CZ179: =SUM(CU179:CY179) -> 42710 | DA179: 3000 | DB179: 0 | DC179: =IF($F179=50000,0,IF(CZ179>40000,200,IF(CZ179>25000,150,IF(CZ179>15000,130,IF(CZ179>10000,110,0))))) -> 200 | DD179: =CZ179-DA179-DB179-DC179 -> 39510 | DE179: 33500 | DF179: =DE179*0.14 -> 4690 | DG179: =DE179*0.12 -> 4020 | DH179: 0 | DI179: 500 | DJ179: =SUM(DE179:DI179) -> 42710 | DK179: 3000 | DL179: 0 | DM179: =IF($F179=50000,0,IF(DJ179>40000,200,IF(DJ179>25000,150,IF(DJ179>15000,130,IF(DJ179>10000,110,0))))) -> 200 | DN179: =DJ179-DK179-DL179-DM179 -> 39510 | DO179: 33500 | DP179: =DO179*0.14 -> 4690 | DQ179: =DO179*0.12 -> 4020 | DR179: 0 | DS179: 500 | DT179: =SUM(DO179:DS179) -> 42710 | DU179: 3000 | DV179: 0 | DW179: =IF($F179=50000,0,IF(DT179>40000,200,IF(DT179>25000,150,IF(DT179>15000,130,IF(DT179>10000,110,0))))) -> 200 | DX179: =DT179-DU179-DV179-DW179 -> 39510 | DY179: =DT179+DJ179+CZ179+CP179+CF179+BV179+BL179+BB179+AQ179+AG179+W179+M179+G179 -> 512180 | DZ179: =DW179+DM179+DC179+CS179+CI179+BY179+BO179+BE179+AT179+AJ179+Z179+P179 -> 2400 | EA179: =IF(DY179>0,50000,0) -> 50000 | EB179: 0 | EC179: =DY179-DZ179-EA179 -> 459780 | ED179: =DU179+DK179+DA179+CQ179+CG179+BW179+BM179+BC179+AR179+AH179+X179+N179 -> 36000 | EE179: =DV179+DL179+DB179+CR179+CH179+BX179+BN179+BD179+AS179+AI179+Y179+O179 -> 0 | EF179: 0 | EG179: 0 | EH179: 0 | EI179: 0 | EJ179: 0 | EK179: 0 | EL179: 0 | EM179: 0 | EN179: 0 | EO179: 0 | EP179: =SUM(ED179:EO179) -> 36000 | EQ179: =IF(EP179>=150000,150000,EP179) -> 36000 | ER179: =EC179-EQ179 -> 423780 | ES179: 0 | ET179: 0 | EU179: 0 | EV179: 0 | EW179: 0 | EX179: 0 | EY179: 0 | EZ179: =SUM(ES179:EY179)+F179 -> 0 | FA179: =ER179-EZ179 -> 423780 | FB179: =ROUND(IF(FA179>0,IF(FA179>500000,12500,(FA179-250000)*0.05),0),0) -> 8689 | FC179: =IF(ROUND(IF(FA179>0,IF(FA179>1000000,25000,(FA179-500000)*0.2),0),0)<0,0,ROUND(IF(FA179>0,IF(FA179>1000000,25000,(FA179-500000)*0.2),0),0)) -> 0 | FD179: =FB179+FC179 -> 8689 | FE179: =IF(FD179<12500,0,FD179) -> 0 | FF179: =FE179*0.04 -> 0 | FG179: =ROUND(FF179+FE179,0) -> 0 | FH179: 0 | FI179: =FG179-FH179 -> 0 | FJ179: =IF(DY179>500000,TRUE,FALSE) -> TRUE | FK179: =IF(FJ179,RANDBETWEEN(500,1000),RANDBETWEEN(1000,3000)) -> 683 | FL179: =DY179+FK179 -> 512863 | FM179: =IF(DY179>0,75000,0) -> 75000 | FN179: =FL179-FM179 -> 437863 | FO179: =IF(FN179>1500000,FN179-1500000,0) -> 0 | FP179: =FO179*0.3 -> 0 | FQ179: =IF(FN179>1200000,FN179-1200000-FO179,0) -> 0 | FR179: =FQ179*0.2 -> 0 | FS179: =IF(FN179>1000000,FN179-1000000-F179-FQ179,0) -> 0 | FT179: =FS179*0.15 -> 0 | FU179: =IF(FN179>700000,FN179-700000-FO179-FQ179-FS179,0) -> 0 | FV179: =FU179*0.1 -> 0 | FW179: =IF(FN179>300000,FN179-300000-FO179-FQ179-FS179-FU179,0) -> 137863 | FX179: =FW179*0.05 -> 6893.15 | FY179: =ROUND(FP179+FR179+FT179+FV179+FX179,0) -> 6893 | FZ179: =IF(FN179>700000,FN179,0) -> 0 | GA179: =IF(FN179>700000,FZ179-700000,0) -> 0 | GB179: =IF(FN179<700001,MIN(FY179,25000),0) -> 6893 | GC179: =IF(FN179>700000,FY179-GA179,0) -> 0 | GD179: =IF(GC179>0,TRUE,FALSE) -> FALSE | GE179: =IF(GD179,GC179,0) -> 0 | GF179: =GB179+GE179 -> 6893 | GG179: =ROUND(FY179-GF179,0) -> 0 | GH179: =GG179*0.04 -> 0 | GI179: =ROUNDUP(GG179+GH179,0) -> 0
A180: =_xlfn.AGGREGATE(3,5,$B$2:B180) -> 179 | B180: teachers270 | C180: MOUSUMI ADHIKARY | D180: MAHAKALPUR MC HIGH ATT PRIMARY SCHOOL | E180: ABPTA | F180: 0 | G180: 6000 | H180: 36600 | I180: =H180*0.1 -> 3660 | J180: =H180*0.12 -> 4392 | K180: 0 | L180: 500 | M180: =SUM(H180:L180) -> 45152 | N180: 7000 | O180: 0 | P180: =IF($F180=50000,0,IF(M180>40000,200,IF(M180>25000,150,IF(M180>15000,130,IF(M180>10000,110,0))))) -> 200 | Q180: =M180-N180-O180-P180 -> 37952 | R180: 36600 | S180: =R180*0.1 -> 3660 | T180: =R180*0.12 -> 4392 | U180: 0 | V180: 500 | W180: =SUM(R180:V180) -> 45152 | X180: 7000 | Y180: 0 | Z180: =IF($F180=50000,0,IF(W180>40000,200,IF(W180>25000,150,IF(W180>15000,130,IF(W180>10000,110,0))))) -> 200 | AA180: =W180-X180-Y180-Z180 -> 37952 | AB180: 36600 | AC180: =AB180*0.14 -> 5124 | AD180: =AB180*0.12 -> 4392 | AE180: 0 | AF180: 500 | AG180: =SUM(AB180:AF180) -> 46616 | AH180: 7000 | AI180: 0 | AJ180: =IF($F180=50000,0,IF(AG180>40000,200,IF(AG180>25000,150,IF(AG180>15000,130,IF(AG180>10000,110,0))))) -> 200 | AK180: =AG180-AH180-AI180-AJ180 -> 39416 | AL180: 36600 | AM180: =AL180*0.14 -> 5124 | AN180: =AL180*0.12 -> 4392 | AO180: 0 | AP180: 500 | AQ180: =SUM(AL180:AP180) -> 46616 | AR180: 7000 | AS180: 0 | AT180: =IF($F180=50000,0,IF(AQ180>40000,200,IF(AQ180>25000,150,IF(AQ180>15000,130,IF(AQ180>10000,110,0))))) -> 200 | AU180: =AQ180-AR180-AS180-AT180 -> 39416 | AV180: 37700 | AW180: =AV180*0.14 -> 5278 | AX180: =R180*0.04 -> 1464 | AY180: =AV180*0.12 -> 4524 | AZ180: 0 | BA180: 500 | BB180: =SUM(AV180:BA180) -> 49466 | BC180: 7000 | BD180: 0 | BE180: =IF($F180=50000,0,IF(BB180>40000,200,IF(BB180>25000,150,IF(BB180>15000,130,IF(BB180>10000,110,0))))) -> 200 | BF180: =BB180-BC180-BD180-BE180 -> 42266 | BG180: 37700 | BH180: =BG180*0.14 -> 5278 | BI180: =BG180*0.12 -> 4524 | BJ180: 0 | BK180: 500 | BL180: =SUM(BG180:BK180) -> 48002 | BM180: 7000 | BN180: 0 | BO180: =IF($F180=50000,0,IF(BL180>40000,200,IF(BL180>25000,150,IF(BL180>15000,130,IF(BL180>10000,110,0))))) -> 200 | BP180: =BL180-BM180-BN180-BO180 -> 40802 | BQ180: 37700 | BR180: =BQ180*0.14 -> 5278 | BS180: =BQ180*0.12 -> 4524 | BT180: 0 | BU180: 500 | BV180: =SUM(BQ180:BU180) -> 48002 | BW180: 7000 | BX180: 0 | BY180: =IF($F180=50000,0,IF(BV180>40000,200,IF(BV180>25000,150,IF(BV180>15000,130,IF(BV180>10000,110,0))))) -> 200 | BZ180: =BV180-BW180-BX180-BY180 -> 40802 | CA180: 37700 | CB180: =CA180*0.14 -> 5278 | CC180: =CA180*0.12 -> 4524 | CD180: 0 | CE180: 500 | CF180: =SUM(CA180:CE180) -> 48002 | CG180: 7000 | CH180: 0 | CI180: =IF($F180=50000,0,IF(CF180>40000,200,IF(CF180>25000,150,IF(CF180>15000,130,IF(CF180>10000,110,0))))) -> 200 | CJ180: =CF180-CG180-CH180-CI180 -> 40802 | CK180: 37700 | CL180: =CK180*0.14 -> 5278 | CM180: =CK180*0.12 -> 4524 | CN180: 0 | CO180: 500 | CP180: =SUM(CK180:CO180) -> 48002 | CQ180: 7000 | CR180: 0 | CS180: =IF($F180=50000,0,IF(CP180>40000,200,IF(CP180>25000,150,IF(CP180>15000,130,IF(CP180>10000,110,0))))) -> 200 | CT180: =CP180-CQ180-CR180-CS180 -> 40802 | CU180: 37700 | CV180: =ROUND(CU180*0.14,0) -> 5278 | CW180: =ROUND(CU180*0.12,0) -> 4524 | CX180: 0 | CY180: 500 | CZ180: =SUM(CU180:CY180) -> 48002 | DA180: 7000 | DB180: 0 | DC180: =IF($F180=50000,0,IF(CZ180>40000,200,IF(CZ180>25000,150,IF(CZ180>15000,130,IF(CZ180>10000,110,0))))) -> 200 | DD180: =CZ180-DA180-DB180-DC180 -> 40802 | DE180: 37700 | DF180: =DE180*0.14 -> 5278 | DG180: =DE180*0.12 -> 4524 | DH180: 0 | DI180: 500 | DJ180: =SUM(DE180:DI180) -> 48002 | DK180: 7000 | DL180: 0 | DM180: =IF($F180=50000,0,IF(DJ180>40000,200,IF(DJ180>25000,150,IF(DJ180>15000,130,IF(DJ180>10000,110,0))))) -> 200 | DN180: =DJ180-DK180-DL180-DM180 -> 40802 | DO180: 37700 | DP180: =DO180*0.14 -> 5278 | DQ180: =DO180*0.12 -> 4524 | DR180: 0 | DS180: 500 | DT180: =SUM(DO180:DS180) -> 48002 | DU180: 7000 | DV180: 0 | DW180: =IF($F180=50000,0,IF(DT180>40000,200,IF(DT180>25000,150,IF(DT180>15000,130,IF(DT180>10000,110,0))))) -> 200 | DX180: =DT180-DU180-DV180-DW180 -> 40802 | DY180: =DT180+DJ180+CZ180+CP180+CF180+BV180+BL180+BB180+AQ180+AG180+W180+M180+G180 -> 575016 | DZ180: =DW180+DM180+DC180+CS180+CI180+BY180+BO180+BE180+AT180+AJ180+Z180+P180 -> 2400 | EA180: =IF(DY180>0,50000,0) -> 50000 | EB180: 0 | EC180: =DY180-DZ180-EA180 -> 522616 | ED180: =DU180+DK180+DA180+CQ180+CG180+BW180+BM180+BC180+AR180+AH180+X180+N180 -> 84000 | EE180: =DV180+DL180+DB180+CR180+CH180+BX180+BN180+BD180+AS180+AI180+Y180+O180 -> 0 | EF180: 0 | EG180: 0 | EH180: 0 | EI180: 0 | EJ180: 0 | EK180: 0 | EL180: 0 | EM180: 0 | EN180: 0 | EO180: 0 | EP180: =SUM(ED180:EO180) -> 84000 | EQ180: =IF(EP180>=150000,150000,EP180) -> 84000 | ER180: =EC180-EQ180 -> 438616 | ES180: 0 | ET180: 0 | EU180: 0 | EV180: 0 | EW180: 0 | EX180: 0 | EY180: 0 | EZ180: =SUM(ES180:EY180)+F180 -> 0 | FA180: =ER180-EZ180 -> 438616 | FB180: =ROUND(IF(FA180>0,IF(FA180>500000,12500,(FA180-250000)*0.05),0),0) -> 9431 | FC180: =IF(ROUND(IF(FA180>0,IF(FA180>1000000,25000,(FA180-500000)*0.2),0),0)<0,0,ROUND(IF(FA180>0,IF(FA180>1000000,25000,(FA180-500000)*0.2),0),0)) -> 0 | FD180: =FB180+FC180 -> 9431 | FE180: =IF(FD180<12500,0,FD180) -> 0 | FF180: =FE180*0.04 -> 0 | FG180: =ROUND(FF180+FE180,0) -> 0 | FH180: 0 | FI180: =FG180-FH180 -> 0 | FJ180: =IF(DY180>500000,TRUE,FALSE) -> TRUE | FK180: =IF(FJ180,RANDBETWEEN(500,1000),RANDBETWEEN(1000,3000)) -> 986 | FL180: =DY180+FK180 -> 576002 | FM180: =IF(DY180>0,75000,0) -> 75000 | FN180: =FL180-FM180 -> 501002 | FO180: =IF(FN180>1500000,FN180-1500000,0) -> 0 | FP180: =FO180*0.3 -> 0 | FQ180: =IF(FN180>1200000,FN180-1200000-FO180,0) -> 0 | FR180: =FQ180*0.2 -> 0 | FS180: =IF(FN180>1000000,FN180-1000000-F180-FQ180,0) -> 0 | FT180: =FS180*0.15 -> 0 | FU180: =IF(FN180>700000,FN180-700000-FO180-FQ180-FS180,0) -> 0 | FV180: =FU180*0.1 -> 0 | FW180: =IF(FN180>300000,FN180-300000-FO180-FQ180-FS180-FU180,0) -> 201002 | FX180: =FW180*0.05 -> 10050.1 | FY180: =ROUND(FP180+FR180+FT180+FV180+FX180,0) -> 10050 | FZ180: =IF(FN180>700000,FN180,0) -> 0 | GA180: =IF(FN180>700000,FZ180-700000,0) -> 0 | GB180: =IF(FN180<700001,MIN(FY180,25000),0) -> 10050 | GC180: =IF(FN180>700000,FY180-GA180,0) -> 0 | GD180: =IF(GC180>0,TRUE,FALSE) -> FALSE | GE180: =IF(GD180,GC180,0) -> 0 | GF180: =GB180+GE180 -> 10050 | GG180: =ROUND(FY180-GF180,0) -> 0 | GH180: =GG180*0.04 -> 0 | GI180: =ROUNDUP(GG180+GH180,0) -> 0
A181: =_xlfn.AGGREGATE(3,5,$B$2:B181) -> 180 | B181: teachers271 | C181: SOUMEN MAITY | D181: MAHAKALPUR MC HIGH ATT PRIMARY SCHOOL | E181: WBTPTA | F181: 0 | G181: 6000 | H181: 24700 | I181: =H181*0.1 -> 2470 | J181: =H181*0.12 -> 2964 | K181: 0 | L181: 500 | M181: =SUM(H181:L181) -> 30634 | N181: 0 | O181: 0 | P181: =IF($F181=50000,0,IF(M181>40000,200,IF(M181>25000,150,IF(M181>15000,130,IF(M181>10000,110,0))))) -> 150 | Q181: =M181-N181-O181-P181 -> 30484 | R181: 24700 | S181: =R181*0.1 -> 2470 | T181: =R181*0.12 -> 2964 | U181: 0 | V181: 500 | W181: =SUM(R181:V181) -> 30634 | X181: 0 | Y181: 0 | Z181: =IF($F181=50000,0,IF(W181>40000,200,IF(W181>25000,150,IF(W181>15000,130,IF(W181>10000,110,0))))) -> 150 | AA181: =W181-X181-Y181-Z181 -> 30484 | AB181: 24700 | AC181: =AB181*0.14 -> 3458 | AD181: =AB181*0.12 -> 2964 | AE181: 0 | AF181: 500 | AG181: =SUM(AB181:AF181) -> 31622 | AH181: 0 | AI181: 0 | AJ181: =IF($F181=50000,0,IF(AG181>40000,200,IF(AG181>25000,150,IF(AG181>15000,130,IF(AG181>10000,110,0))))) -> 150 | AK181: =AG181-AH181-AI181-AJ181 -> 31472 | AL181: 24700 | AM181: =AL181*0.14 -> 3458 | AN181: =AL181*0.12 -> 2964 | AO181: 0 | AP181: 500 | AQ181: =SUM(AL181:AP181) -> 31622 | AR181: 0 | AS181: 0 | AT181: =IF($F181=50000,0,IF(AQ181>40000,200,IF(AQ181>25000,150,IF(AQ181>15000,130,IF(AQ181>10000,110,0))))) -> 150 | AU181: =AQ181-AR181-AS181-AT181 -> 31472 | AV181: 25400 | AW181: =AV181*0.14 -> 3556 | AX181: =R181*0.04 -> 988 | AY181: =AV181*0.12 -> 3048 | AZ181: 0 | BA181: 500 | BB181: =SUM(AV181:BA181) -> 33492 | BC181: 2000 | BD181: 0 | BE181: =IF($F181=50000,0,IF(BB181>40000,200,IF(BB181>25000,150,IF(BB181>15000,130,IF(BB181>10000,110,0))))) -> 150 | BF181: =BB181-BC181-BD181-BE181 -> 31342 | BG181: 25400 | BH181: =BG181*0.14 -> 3556 | BI181: =BG181*0.12 -> 3048 | BJ181: 0 | BK181: 500 | BL181: =SUM(BG181:BK181) -> 32504 | BM181: 2000 | BN181: 0 | BO181: =IF($F181=50000,0,IF(BL181>40000,200,IF(BL181>25000,150,IF(BL181>15000,130,IF(BL181>10000,110,0))))) -> 150 | BP181: =BL181-BM181-BN181-BO181 -> 30354 | BQ181: 25400 | BR181: =BQ181*0.14 -> 3556 | BS181: =BQ181*0.12 -> 3048 | BT181: 0 | BU181: 500 | BV181: =SUM(BQ181:BU181) -> 32504 | BW181: 2000 | BX181: 0 | BY181: =IF($F181=50000,0,IF(BV181>40000,200,IF(BV181>25000,150,IF(BV181>15000,130,IF(BV181>10000,110,0))))) -> 150 | BZ181: =BV181-BW181-BX181-BY181 -> 30354 | CA181: 25400 | CB181: =CA181*0.14 -> 3556 | CC181: =CA181*0.12 -> 3048 | CD181: 0 | CE181: 500 | CF181: =SUM(CA181:CE181) -> 32504 | CG181: 2000 | CH181: 0 | CI181: =IF($F181=50000,0,IF(CF181>40000,200,IF(CF181>25000,150,IF(CF181>15000,130,IF(CF181>10000,110,0))))) -> 150 | CJ181: =CF181-CG181-CH181-CI181 -> 30354 | CK181: 25400 | CL181: =CK181*0.14 -> 3556 | CM181: =CK181*0.12 -> 3048 | CN181: 0 | CO181: 500 | CP181: =SUM(CK181:CO181) -> 32504 | CQ181: 2000 | CR181: 0 | CS181: =IF($F181=50000,0,IF(CP181>40000,200,IF(CP181>25000,150,IF(CP181>15000,130,IF(CP181>10000,110,0))))) -> 150 | CT181: =CP181-CQ181-CR181-CS181 -> 30354 | CU181: 25400 | CV181: =ROUND(CU181*0.14,0) -> 3556 | CW181: =ROUND(CU181*0.12,0) -> 3048 | CX181: 0 | CY181: 500 | CZ181: =SUM(CU181:CY181) -> 32504 | DA181: 2000 | DB181: 0 | DC181: =IF($F181=50000,0,IF(CZ181>40000,200,IF(CZ181>25000,150,IF(CZ181>15000,130,IF(CZ181>10000,110,0))))) -> 150 | DD181: =CZ181-DA181-DB181-DC181 -> 30354 | DE181: 25400 | DF181: =DE181*0.14 -> 3556 | DG181: =DE181*0.12 -> 3048 | DH181: 0 | DI181: 500 | DJ181: =SUM(DE181:DI181) -> 32504 | DK181: 2000 | DL181: 0 | DM181: =IF($F181=50000,0,IF(DJ181>40000,200,IF(DJ181>25000,150,IF(DJ181>15000,130,IF(DJ181>10000,110,0))))) -> 150 | DN181: =DJ181-DK181-DL181-DM181 -> 30354 | DO181: 25400 | DP181: =DO181*0.14 -> 3556 | DQ181: =DO181*0.12 -> 3048 | DR181: 0 | DS181: 500 | DT181: =SUM(DO181:DS181) -> 32504 | DU181: 2000 | DV181: 0 | DW181: =IF($F181=50000,0,IF(DT181>40000,200,IF(DT181>25000,150,IF(DT181>15000,130,IF(DT181>10000,110,0))))) -> 150 | DX181: =DT181-DU181-DV181-DW181 -> 30354 | DY181: =DT181+DJ181+CZ181+CP181+CF181+BV181+BL181+BB181+AQ181+AG181+W181+M181+G181 -> 391532 | DZ181: =DW181+DM181+DC181+CS181+CI181+BY181+BO181+BE181+AT181+AJ181+Z181+P181 -> 1800 | EA181: =IF(DY181>0,50000,0) -> 50000 | EB181: 0 | EC181: =DY181-DZ181-EA181 -> 339732 | ED181: =DU181+DK181+DA181+CQ181+CG181+BW181+BM181+BC181+AR181+AH181+X181+N181 -> 16000 | EE181: =DV181+DL181+DB181+CR181+CH181+BX181+BN181+BD181+AS181+AI181+Y181+O181 -> 0 | EF181: 0 | EG181: 0 | EH181: 0 | EI181: 0 | EJ181: 0 | EK181: 0 | EL181: 0 | EM181: 0 | EN181: 0 | EO181: 0 | EP181: =SUM(ED181:EO181) -> 16000 | EQ181: =IF(EP181>=150000,150000,EP181) -> 16000 | ER181: =EC181-EQ181 -> 323732 | ES181: 0 | ET181: 0 | EU181: 0 | EV181: 0 | EW181: 0 | EX181: 0 | EY181: 0 | EZ181: =SUM(ES181:EY181)+F181 -> 0 | FA181: =ER181-EZ181 -> 323732 | FB181: =ROUND(IF(FA181>0,IF(FA181>500000,12500,(FA181-250000)*0.05),0),0) -> 3687 | FC181: =IF(ROUND(IF(FA181>0,IF(FA181>1000000,25000,(FA181-500000)*0.2),0),0)<0,0,ROUND(IF(FA181>0,IF(FA181>1000000,25000,(FA181-500000)*0.2),0),0)) -> 0 | FD181: =FB181+FC181 -> 3687 | FE181: =IF(FD181<12500,0,FD181) -> 0 | FF181: =FE181*0.04 -> 0 | FG181: =ROUND(FF181+FE181,0) -> 0 | FH181: 0 | FI181: =FG181-FH181 -> 0 | FJ181: =IF(DY181>500000,TRUE,FALSE) -> FALSE | FK181: =IF(FJ181,RANDBETWEEN(500,1000),RANDBETWEEN(1000,3000)) -> 1120 | FL181: =DY181+FK181 -> 392652 | FM181: =IF(DY181>0,75000,0) -> 75000 | FN181: =FL181-FM181 -> 317652 | FO181: =IF(FN181>1500000,FN181-1500000,0) -> 0 | FP181: =FO181*0.3 -> 0 | FQ181: =IF(FN181>1200000,FN181-1200000-FO181,0) -> 0 | FR181: =FQ181*0.2 -> 0 | FS181: =IF(FN181>1000000,FN181-1000000-F181-FQ181,0) -> 0 | FT181: =FS181*0.15 -> 0 | FU181: =IF(FN181>700000,FN181-700000-FO181-FQ181-FS181,0) -> 0 | FV181: =FU181*0.1 -> 0 | FW181: =IF(FN181>300000,FN181-300000-FO181-FQ181-FS181-FU181,0) -> 17652 | FX181: =FW181*0.05 -> 882.6 | FY181: =ROUND(FP181+FR181+FT181+FV181+FX181,0) -> 883 | FZ181: =IF(FN181>700000,FN181,0) -> 0 | GA181: =IF(FN181>700000,FZ181-700000,0) -> 0 | GB181: =IF(FN181<700001,MIN(FY181,25000),0) -> 883 | GC181: =IF(FN181>700000,FY181-GA181,0) -> 0 | GD181: =IF(GC181>0,TRUE,FALSE) -> FALSE | GE181: =IF(GD181,GC181,0) -> 0 | GF181: =GB181+GE181 -> 883 | GG181: =ROUND(FY181-GF181,0) -> 0 | GH181: =GG181*0.04 -> 0 | GI181: =ROUNDUP(GG181+GH181,0) -> 0
A182: =_xlfn.AGGREGATE(3,5,$B$2:B182) -> 181 | B182: teachers272 | C182: ARKA CHANDRA | D182: MAHAKALPUR MC HIGH ATT PRIMARY SCHOOL | E182: WBTPTA | F182: 0 | G182: 0 | H182: 0 | I182: =H182*0.1 -> 0 | J182: =H182*0.12 -> 0 | K182: 0 | L182: 0 | M182: =SUM(H182:L182) -> 0 | N182: 0 | O182: 0 | P182: =IF($F182=50000,0,IF(M182>40000,200,IF(M182>25000,150,IF(M182>15000,130,IF(M182>10000,110,0))))) -> 0 | Q182: =M182-N182-O182-P182 -> 0 | R182: 28900 | S182: =R182*0.1 -> 2890 | T182: =R182*0.12 -> 3468 | U182: 0 | V182: 500 | W182: =SUM(R182:V182) -> 35758 | X182: 0 | Y182: 0 | Z182: =IF($F182=50000,0,IF(W182>40000,200,IF(W182>25000,150,IF(W182>15000,130,IF(W182>10000,110,0))))) -> 150 | AA182: =W182-X182-Y182-Z182 -> 35608 | AB182: 28900 | AC182: =AB182*0.14 -> 4046 | AD182: =AB182*0.12 -> 3468 | AE182: 0 | AF182: 500 | AG182: =SUM(AB182:AF182) -> 36914 | AH182: 0 | AI182: 0 | AJ182: =IF($F182=50000,0,IF(AG182>40000,200,IF(AG182>25000,150,IF(AG182>15000,130,IF(AG182>10000,110,0))))) -> 150 | AK182: =AG182-AH182-AI182-AJ182 -> 36764 | AL182: 28900 | AM182: =AL182*0.14 -> 4046 | AN182: =AL182*0.12 -> 3468 | AO182: 0 | AP182: 500 | AQ182: =SUM(AL182:AP182) -> 36914 | AR182: 0 | AS182: 0 | AT182: =IF($F182=50000,0,IF(AQ182>40000,200,IF(AQ182>25000,150,IF(AQ182>15000,130,IF(AQ182>10000,110,0))))) -> 150 | AU182: =AQ182-AR182-AS182-AT182 -> 36764 | AV182: 28900 | AW182: =AV182*0.14 -> 4046 | AX182: =R182*0.04 -> 1156 | AY182: =AV182*0.12 -> 3468 | AZ182: 0 | BA182: 500 | BB182: =SUM(AV182:BA182) -> 38070 | BC182: 0 | BD182: 0 | BE182: =IF($F182=50000,0,IF(BB182>40000,200,IF(BB182>25000,150,IF(BB182>15000,130,IF(BB182>10000,110,0))))) -> 150 | BF182: =BB182-BC182-BD182-BE182 -> 37920 | BG182: 28900 | BH182: =BG182*0.14 -> 4046 | BI182: =BG182*0.12 -> 3468 | BJ182: 0 | BK182: 500 | BL182: =SUM(BG182:BK182) -> 36914 | BM182: 0 | BN182: 0 | BO182: =IF($F182=50000,0,IF(BL182>40000,200,IF(BL182>25000,150,IF(BL182>15000,130,IF(BL182>10000,110,0))))) -> 150 | BP182: =BL182-BM182-BN182-BO182 -> 36764 | BQ182: 28900 | BR182: =BQ182*0.14 -> 4046 | BS182: =BQ182*0.12 -> 3468 | BT182: 0 | BU182: 500 | BV182: =SUM(BQ182:BU182) -> 36914 | BW182: 0 | BX182: 0 | BY182: =IF($F182=50000,0,IF(BV182>40000,200,IF(BV182>25000,150,IF(BV182>15000,130,IF(BV182>10000,110,0))))) -> 150 | BZ182: =BV182-BW182-BX182-BY182 -> 36764 | CA182: 28900 | CB182: =CA182*0.14 -> 4046 | CC182: =CA182*0.12 -> 3468 | CD182: 0 | CE182: 500 | CF182: =SUM(CA182:CE182) -> 36914 | CG182: 0 | CH182: 0 | CI182: =IF($F182=50000,0,IF(CF182>40000,200,IF(CF182>25000,150,IF(CF182>15000,130,IF(CF182>10000,110,0))))) -> 150 | CJ182: =CF182-CG182-CH182-CI182 -> 36764 | CK182: 28900 | CL182: =CK182*0.14 -> 4046 | CM182: =CK182*0.12 -> 3468 | CN182: 0 | CO182: 500 | CP182: =SUM(CK182:CO182) -> 36914 | CQ182: 0 | CR182: 0 | CS182: =IF($F182=50000,0,IF(CP182>40000,200,IF(CP182>25000,150,IF(CP182>15000,130,IF(CP182>10000,110,0))))) -> 150 | CT182: =CP182-CQ182-CR182-CS182 -> 36764 | CU182: 28900 | CV182: =ROUND(CU182*0.14,0) -> 4046 | CW182: =ROUND(CU182*0.12,0) -> 3468 | CX182: 0 | CY182: 500 | CZ182: =SUM(CU182:CY182) -> 36914 | DA182: 0 | DB182: 0 | DC182: =IF($F182=50000,0,IF(CZ182>40000,200,IF(CZ182>25000,150,IF(CZ182>15000,130,IF(CZ182>10000,110,0))))) -> 150 | DD182: =CZ182-DA182-DB182-DC182 -> 36764 | DE182: 28900 | DF182: =DE182*0.14 -> 4046 | DG182: =DE182*0.12 -> 3468 | DH182: 0 | DI182: 500 | DJ182: =SUM(DE182:DI182) -> 36914 | DK182: 0 | DL182: 0 | DM182: =IF($F182=50000,0,IF(DJ182>40000,200,IF(DJ182>25000,150,IF(DJ182>15000,130,IF(DJ182>10000,110,0))))) -> 150 | DN182: =DJ182-DK182-DL182-DM182 -> 36764 | DO182: 28900 | DP182: =DO182*0.14 -> 4046 | DQ182: =DO182*0.12 -> 3468 | DR182: 0 | DS182: 500 | DT182: =SUM(DO182:DS182) -> 36914 | DU182: 2000 | DV182: 0 | DW182: =IF($F182=50000,0,IF(DT182>40000,200,IF(DT182>25000,150,IF(DT182>15000,130,IF(DT182>10000,110,0))))) -> 150 | DX182: =DT182-DU182-DV182-DW182 -> 34764 | DY182: =DT182+DJ182+CZ182+CP182+CF182+BV182+BL182+BB182+AQ182+AG182+W182+M182+G182 -> 406054 | DZ182: =DW182+DM182+DC182+CS182+CI182+BY182+BO182+BE182+AT182+AJ182+Z182+P182 -> 1650 | EA182: =IF(DY182>0,50000,0) -> 50000 | EB182: 0 | EC182: =DY182-DZ182-EA182 -> 354404 | ED182: =DU182+DK182+DA182+CQ182+CG182+BW182+BM182+BC182+AR182+AH182+X182+N182 -> 2000 | EE182: =DV182+DL182+DB182+CR182+CH182+BX182+BN182+BD182+AS182+AI182+Y182+O182 -> 0 | EF182: 0 | EG182: 0 | EH182: 0 | EI182: 0 | EJ182: 0 | EK182: 0 | EL182: 0 | EM182: 0 | EN182: 0 | EO182: 0 | EP182: =SUM(ED182:EO182) -> 2000 | EQ182: =IF(EP182>=150000,150000,EP182) -> 2000 | ER182: =EC182-EQ182 -> 352404 | ES182: 0 | ET182: 0 | EU182: 0 | EV182: 0 | EW182: 0 | EX182: 0 | EY182: 0 | EZ182: =SUM(ES182:EY182)+F182 -> 0 | FA182: =ER182-EZ182 -> 352404 | FB182: =ROUND(IF(FA182>0,IF(FA182>500000,12500,(FA182-250000)*0.05),0),0) -> 5120 | FC182: =IF(ROUND(IF(FA182>0,IF(FA182>1000000,25000,(FA182-500000)*0.2),0),0)<0,0,ROUND(IF(FA182>0,IF(FA182>1000000,25000,(FA182-500000)*0.2),0),0)) -> 0 | FD182: =FB182+FC182 -> 5120 | FE182: =IF(FD182<12500,0,FD182) -> 0 | FF182: =FE182*0.04 -> 0 | FG182: =ROUND(FF182+FE182,0) -> 0 | FH182: 0 | FI182: =FG182-FH182 -> 0 | FJ182: =IF(DY182>500000,TRUE,FALSE) -> FALSE | FK182: =IF(FJ182,RANDBETWEEN(500,1000),RANDBETWEEN(1000,3000)) -> 2316 | FL182: =DY182+FK182 -> 408370 | FM182: =IF(DY182>0,75000,0) -> 75000 | FN182: =FL182-FM182 -> 333370 | FO182: =IF(FN182>1500000,FN182-1500000,0) -> 0 | FP182: =FO182*0.3 -> 0 | FQ182: =IF(FN182>1200000,FN182-1200000-FO182,0) -> 0 | FR182: =FQ182*0.2 -> 0 | FS182: =IF(FN182>1000000,FN182-1000000-F182-FQ182,0) -> 0 | FT182: =FS182*0.15 -> 0 | FU182: =IF(FN182>700000,FN182-700000-FO182-FQ182-FS182,0) -> 0 | FV182: =FU182*0.1 -> 0 | FW182: =IF(FN182>300000,FN182-300000-FO182-FQ182-FS182-FU182,0) -> 33370 | FX182: =FW182*0.05 -> 1668.5 | FY182: =ROUND(FP182+FR182+FT182+FV182+FX182,0) -> 1669 | FZ182: =IF(FN182>700000,FN182,0) -> 0 | GA182: =IF(FN182>700000,FZ182-700000,0) -> 0 | GB182: =IF(FN182<700001,MIN(FY182,25000),0) -> 1669 | GC182: =IF(FN182>700000,FY182-GA182,0) -> 0 | GD182: =IF(GC182>0,TRUE,FALSE) -> FALSE | GE182: =IF(GD182,GC182,0) -> 0 | GF182: =GB182+GE182 -> 1669 | GG182: =ROUND(FY182-GF182,0) -> 0 | GH182: =GG182*0.04 -> 0 | GI182: =ROUNDUP(GG182+GH182,0) -> 0
A183: =_xlfn.AGGREGATE(3,5,$B$2:B183) -> 182 | B183: teachers273 | C183: NIRMAL DAS | D183: MAINAN PRIMARY SCHOOL | E183: WBTPTA | F183: 0 | G183: 0 | H183: 50200 | I183: =H183*0.1 -> 5020 | J183: =H183*0.12 -> 6024 | K183: 400 | L183: 500 | M183: =SUM(H183:L183) -> 62144 | N183: 3500 | O183: 0 | P183: =IF($F183=50000,0,IF(M183>40000,200,IF(M183>25000,150,IF(M183>15000,130,IF(M183>10000,110,0))))) -> 200 | Q183: =M183-N183-O183-P183 -> 58444 | R183: 50200 | S183: =R183*0.1 -> 5020 | T183: =R183*0.12 -> 6024 | U183: 400 | V183: 500 | W183: =SUM(R183:V183) -> 62144 | X183: 3500 | Y183: 0 | Z183: =IF($F183=50000,0,IF(W183>40000,200,IF(W183>25000,150,IF(W183>15000,130,IF(W183>10000,110,0))))) -> 200 | AA183: =W183-X183-Y183-Z183 -> 58444 | AB183: 50200 | AC183: =AB183*0.14 -> 7028 | AD183: =AB183*0.12 -> 6024 | AE183: 400 | AF183: 500 | AG183: =SUM(AB183:AF183) -> 64152 | AH183: 3500 | AI183: 0 | AJ183: =IF($F183=50000,0,IF(AG183>40000,200,IF(AG183>25000,150,IF(AG183>15000,130,IF(AG183>10000,110,0))))) -> 200 | AK183: =AG183-AH183-AI183-AJ183 -> 60452 | AL183: 50200 | AM183: =AL183*0.14 -> 7028 | AN183: =AL183*0.12 -> 6024 | AO183: 400 | AP183: 500 | AQ183: =SUM(AL183:AP183) -> 64152 | AR183: 3500 | AS183: 0 | AT183: =IF($F183=50000,0,IF(AQ183>40000,200,IF(AQ183>25000,150,IF(AQ183>15000,130,IF(AQ183>10000,110,0))))) -> 200 | AU183: =AQ183-AR183-AS183-AT183 -> 60452 | AV183: 51700 | AW183: =AV183*0.14 -> 7238 | AX183: =R183*0.04 -> 2008 | AY183: =AV183*0.12 -> 6204 | AZ183: 400 | BA183: 500 | BB183: =SUM(AV183:BA183) -> 68050 | BC183: 3500 | BD183: 0 | BE183: =IF($F183=50000,0,IF(BB183>40000,200,IF(BB183>25000,150,IF(BB183>15000,130,IF(BB183>10000,110,0))))) -> 200 | BF183: =BB183-BC183-BD183-BE183 -> 64350 | BG183: 51700 | BH183: =BG183*0.14 -> 7238 | BI183: =BG183*0.12 -> 6204 | BJ183: 400 | BK183: 500 | BL183: =SUM(BG183:BK183) -> 66042 | BM183: 3500 | BN183: 0 | BO183: =IF($F183=50000,0,IF(BL183>40000,200,IF(BL183>25000,150,IF(BL183>15000,130,IF(BL183>10000,110,0))))) -> 200 | BP183: =BL183-BM183-BN183-BO183 -> 62342 | BQ183: 51700 | BR183: =BQ183*0.14 -> 7238 | BS183: =BQ183*0.12 -> 6204 | BT183: 400 | BU183: 500 | BV183: =SUM(BQ183:BU183) -> 66042 | BW183: 3500 | BX183: 0 | BY183: =IF($F183=50000,0,IF(BV183>40000,200,IF(BV183>25000,150,IF(BV183>15000,130,IF(BV183>10000,110,0))))) -> 200 | BZ183: =BV183-BW183-BX183-BY183 -> 62342 | CA183: 51700 | CB183: =CA183*0.14 -> 7238 | CC183: =CA183*0.12 -> 6204 | CD183: 400 | CE183: 500 | CF183: =SUM(CA183:CE183) -> 66042 | CG183: 3500 | CH183: 0 | CI183: =IF($F183=50000,0,IF(CF183>40000,200,IF(CF183>25000,150,IF(CF183>15000,130,IF(CF183>10000,110,0))))) -> 200 | CJ183: =CF183-CG183-CH183-CI183 -> 62342 | CK183: 51700 | CL183: =CK183*0.14 -> 7238 | CM183: =CK183*0.12 -> 6204 | CN183: 400 | CO183: 500 | CP183: =SUM(CK183:CO183) -> 66042 | CQ183: 3500 | CR183: 0 | CS183: =IF($F183=50000,0,IF(CP183>40000,200,IF(CP183>25000,150,IF(CP183>15000,130,IF(CP183>10000,110,0))))) -> 200 | CT183: =CP183-CQ183-CR183-CS183 -> 62342 | CU183: 51700 | CV183: =ROUND(CU183*0.14,0) -> 7238 | CW183: =ROUND(CU183*0.12,0) -> 6204 | CX183: 400 | CY183: 500 | CZ183: =SUM(CU183:CY183) -> 66042 | DA183: 3500 | DB183: 0 | DC183: =IF($F183=50000,0,IF(CZ183>40000,200,IF(CZ183>25000,150,IF(CZ183>15000,130,IF(CZ183>10000,110,0))))) -> 200 | DD183: =CZ183-DA183-DB183-DC183 -> 62342 | DE183: 51700 | DF183: =DE183*0.14 -> 7238 | DG183: =DE183*0.12 -> 6204 | DH183: 400 | DI183: 500 | DJ183: =SUM(DE183:DI183) -> 66042 | DK183: 3500 | DL183: 0 | DM183: =IF($F183=50000,0,IF(DJ183>40000,200,IF(DJ183>25000,150,IF(DJ183>15000,130,IF(DJ183>10000,110,0))))) -> 200 | DN183: =DJ183-DK183-DL183-DM183 -> 62342 | DO183: 51700 | DP183: =DO183*0.14 -> 7238 | DQ183: =DO183*0.12 -> 6204 | DR183: 400 | DS183: 500 | DT183: =SUM(DO183:DS183) -> 66042 | DU183: 3500 | DV183: 0 | DW183: =IF($F183=50000,0,IF(DT183>40000,200,IF(DT183>25000,150,IF(DT183>15000,130,IF(DT183>10000,110,0))))) -> 200 | DX183: =DT183-DU183-DV183-DW183 -> 62342 | DY183: =DT183+DJ183+CZ183+CP183+CF183+BV183+BL183+BB183+AQ183+AG183+W183+M183+G183 -> 782936 | DZ183: =DW183+DM183+DC183+CS183+CI183+BY183+BO183+BE183+AT183+AJ183+Z183+P183 -> 2400 | EA183: =IF(DY183>0,50000,0) -> 50000 | EB183: 0 | EC183: =DY183-DZ183-EA183 -> 730536 | ED183: =DU183+DK183+DA183+CQ183+CG183+BW183+BM183+BC183+AR183+AH183+X183+N183 -> 42000 | EE183: =DV183+DL183+DB183+CR183+CH183+BX183+BN183+BD183+AS183+AI183+Y183+O183 -> 0 | EF183: 0 | EG183: 0 | EH183: 0 | EI183: 0 | EJ183: 0 | EK183: 0 | EL183: 0 | EM183: 0 | EN183: 0 | EO183: 0 | EP183: =SUM(ED183:EO183) -> 42000 | EQ183: =IF(EP183>=150000,150000,EP183) -> 42000 | ER183: =EC183-EQ183 -> 688536 | ES183: 0 | ET183: 0 | EU183: 0 | EV183: 0 | EW183: 0 | EX183: 0 | EY183: 0 | EZ183: =SUM(ES183:EY183)+F183 -> 0 | FA183: =ER183-EZ183 -> 688536 | FB183: =ROUND(IF(FA183>0,IF(FA183>500000,12500,(FA183-250000)*0.05),0),0) -> 12500 | FC183: =IF(ROUND(IF(FA183>0,IF(FA183>1000000,25000,(FA183-500000)*0.2),0),0)<0,0,ROUND(IF(FA183>0,IF(FA183>1000000,25000,(FA183-500000)*0.2),0),0)) -> 37707 | FD183: =FB183+FC183 -> 50207 | FE183: =IF(FD183<12500,0,FD183) -> 50207 | FF183: =FE183*0.04 -> 2008.28 | FG183: =ROUND(FF183+FE183,0) -> 52215 | FH183: 0 | FI183: =FG183-FH183 -> 52215 | FJ183: =IF(DY183>500000,TRUE,FALSE) -> TRUE | FK183: =IF(FJ183,RANDBETWEEN(500,1000),RANDBETWEEN(1000,3000)) -> 527 | FL183: =DY183+FK183 -> 783463 | FM183: =IF(DY183>0,75000,0) -> 75000 | FN183: =FL183-FM183 -> 708463 | FO183: =IF(FN183>1500000,FN183-1500000,0) -> 0 | FP183: =FO183*0.3 -> 0 | FQ183: =IF(FN183>1200000,FN183-1200000-FO183,0) -> 0 | FR183: =FQ183*0.2 -> 0 | FS183: =IF(FN183>1000000,FN183-1000000-F183-FQ183,0) -> 0 | FT183: =FS183*0.15 -> 0 | FU183: =IF(FN183>700000,FN183-700000-FO183-FQ183-FS183,0) -> 8463 | FV183: =FU183*0.1 -> 846.3 | FW183: =IF(FN183>300000,FN183-300000-FO183-FQ183-FS183-FU183,0) -> 400000 | FX183: =FW183*0.05 -> 20000 | FY183: =ROUND(FP183+FR183+FT183+FV183+FX183,0) -> 20846 | FZ183: =IF(FN183>700000,FN183,0) -> 708463 | GA183: =IF(FN183>700000,FZ183-700000,0) -> 8463 | GB183: =IF(FN183<700001,MIN(FY183,25000),0) -> 0 | GC183: =IF(FN183>700000,FY183-GA183,0) -> 12383 | GD183: =IF(GC183>0,TRUE,FALSE) -> TRUE | GE183: =IF(GD183,GC183,0) -> 12383 | GF183: =GB183+GE183 -> 12383 | GG183: =ROUND(FY183-GF183,0) -> 8463 | GH183: =GG183*0.04 -> 338.52 | GI183: =ROUNDUP(GG183+GH183,0) -> 8802
A184: =_xlfn.AGGREGATE(3,5,$B$2:B184) -> 183 | B184: teachers274 | C184: TAPAS POLLEY | D184: MAINAN PRIMARY SCHOOL | E184: WBTPTA | F184: 0 | G184: 0 | H184: 45900 | I184: =H184*0.1 -> 4590 | J184: =H184*0.12 -> 5508 | K184: 0 | L184: 0 | M184: =SUM(H184:L184) -> 55998 | N184: 3000 | O184: 0 | P184: =IF($F184=50000,0,IF(M184>40000,200,IF(M184>25000,150,IF(M184>15000,130,IF(M184>10000,110,0))))) -> 200 | Q184: =M184-N184-O184-P184 -> 52798 | R184: 45900 | S184: =R184*0.1 -> 4590 | T184: =R184*0.12 -> 5508 | U184: 0 | V184: 0 | W184: =SUM(R184:V184) -> 55998 | X184: 3000 | Y184: 0 | Z184: =IF($F184=50000,0,IF(W184>40000,200,IF(W184>25000,150,IF(W184>15000,130,IF(W184>10000,110,0))))) -> 200 | AA184: =W184-X184-Y184-Z184 -> 52798 | AB184: 45900 | AC184: =AB184*0.14 -> 6426 | AD184: =AB184*0.12 -> 5508 | AE184: 0 | AF184: 0 | AG184: =SUM(AB184:AF184) -> 57834 | AH184: 3000 | AI184: 0 | AJ184: =IF($F184=50000,0,IF(AG184>40000,200,IF(AG184>25000,150,IF(AG184>15000,130,IF(AG184>10000,110,0))))) -> 200 | AK184: =AG184-AH184-AI184-AJ184 -> 54634 | AL184: 45900 | AM184: =AL184*0.14 -> 6426 | AN184: =AL184*0.12 -> 5508 | AO184: 0 | AP184: 0 | AQ184: =SUM(AL184:AP184) -> 57834 | AR184: 3000 | AS184: 0 | AT184: =IF($F184=50000,0,IF(AQ184>40000,200,IF(AQ184>25000,150,IF(AQ184>15000,130,IF(AQ184>10000,110,0))))) -> 200 | AU184: =AQ184-AR184-AS184-AT184 -> 54634 | AV184: 47300 | AW184: =AV184*0.14 -> 6622 | AX184: =R184*0.04 -> 1836 | AY184: =AV184*0.12 -> 5676 | AZ184: 0 | BA184: 0 | BB184: =SUM(AV184:BA184) -> 61434 | BC184: 3000 | BD184: 0 | BE184: =IF($F184=50000,0,IF(BB184>40000,200,IF(BB184>25000,150,IF(BB184>15000,130,IF(BB184>10000,110,0))))) -> 200 | BF184: =BB184-BC184-BD184-BE184 -> 58234 | BG184: 47300 | BH184: =BG184*0.14 -> 6622 | BI184: =BG184*0.12 -> 5676 | BJ184: 0 | BK184: 0 | BL184: =SUM(BG184:BK184) -> 59598 | BM184: 3000 | BN184: 0 | BO184: =IF($F184=50000,0,IF(BL184>40000,200,IF(BL184>25000,150,IF(BL184>15000,130,IF(BL184>10000,110,0))))) -> 200 | BP184: =BL184-BM184-BN184-BO184 -> 56398 | BQ184: 47300 | BR184: =BQ184*0.14 -> 6622 | BS184: =BQ184*0.12 -> 5676 | BT184: 0 | BU184: 0 | BV184: =SUM(BQ184:BU184) -> 59598 | BW184: 3000 | BX184: 0 | BY184: =IF($F184=50000,0,IF(BV184>40000,200,IF(BV184>25000,150,IF(BV184>15000,130,IF(BV184>10000,110,0))))) -> 200 | BZ184: =BV184-BW184-BX184-BY184 -> 56398 | CA184: 47300 | CB184: =CA184*0.14 -> 6622 | CC184: =CA184*0.12 -> 5676 | CD184: 0 | CE184: 0 | CF184: =SUM(CA184:CE184) -> 59598 | CG184: 3000 | CH184: 0 | CI184: =IF($F184=50000,0,IF(CF184>40000,200,IF(CF184>25000,150,IF(CF184>15000,130,IF(CF184>10000,110,0))))) -> 200 | CJ184: =CF184-CG184-CH184-CI184 -> 56398 | CK184: 47300 | CL184: =CK184*0.14 -> 6622 | CM184: =CK184*0.12 -> 5676 | CN184: 0 | CO184: 0 | CP184: =SUM(CK184:CO184) -> 59598 | CQ184: 3000 | CR184: 0 | CS184: =IF($F184=50000,0,IF(CP184>40000,200,IF(CP184>25000,150,IF(CP184>15000,130,IF(CP184>10000,110,0))))) -> 200 | CT184: =CP184-CQ184-CR184-CS184 -> 56398 | CU184: 47300 | CV184: =ROUND(CU184*0.14,0) -> 6622 | CW184: =ROUND(CU184*0.12,0) -> 5676 | CX184: 0 | CY184: 0 | CZ184: =SUM(CU184:CY184) -> 59598 | DA184: 3000 | DB184: 0 | DC184: =IF($F184=50000,0,IF(CZ184>40000,200,IF(CZ184>25000,150,IF(CZ184>15000,130,IF(CZ184>10000,110,0))))) -> 200 | DD184: =CZ184-DA184-DB184-DC184 -> 56398 | DE184: 47300 | DF184: =DE184*0.14 -> 6622 | DG184: =DE184*0.12 -> 5676 | DH184: 0 | DI184: 0 | DJ184: =SUM(DE184:DI184) -> 59598 | DK184: 3000 | DL184: 0 | DM184: =IF($F184=50000,0,IF(DJ184>40000,200,IF(DJ184>25000,150,IF(DJ184>15000,130,IF(DJ184>10000,110,0))))) -> 200 | DN184: =DJ184-DK184-DL184-DM184 -> 56398 | DO184: 47300 | DP184: =DO184*0.14 -> 6622 | DQ184: =DO184*0.12 -> 5676 | DR184: 0 | DS184: 0 | DT184: =SUM(DO184:DS184) -> 59598 | DU184: 3000 | DV184: 0 | DW184: =IF($F184=50000,0,IF(DT184>40000,200,IF(DT184>25000,150,IF(DT184>15000,130,IF(DT184>10000,110,0))))) -> 200 | DX184: =DT184-DU184-DV184-DW184 -> 56398 | DY184: =DT184+DJ184+CZ184+CP184+CF184+BV184+BL184+BB184+AQ184+AG184+W184+M184+G184 -> 706284 | DZ184: =DW184+DM184+DC184+CS184+CI184+BY184+BO184+BE184+AT184+AJ184+Z184+P184 -> 2400 | EA184: =IF(DY184>0,50000,0) -> 50000 | EB184: 0 | EC184: =DY184-DZ184-EA184 -> 653884 | ED184: =DU184+DK184+DA184+CQ184+CG184+BW184+BM184+BC184+AR184+AH184+X184+N184 -> 36000 | EE184: =DV184+DL184+DB184+CR184+CH184+BX184+BN184+BD184+AS184+AI184+Y184+O184 -> 0 | EF184: 0 | EG184: 0 | EH184: 0 | EI184: 0 | EJ184: 0 | EK184: 0 | EL184: 0 | EM184: 0 | EN184: 0 | EO184: 0 | EP184: =SUM(ED184:EO184) -> 36000 | EQ184: =IF(EP184>=150000,150000,EP184) -> 36000 | ER184: =EC184-EQ184 -> 617884 | ES184: 0 | ET184: 0 | EU184: 0 | EV184: 0 | EW184: 0 | EX184: 0 | EY184: 0 | EZ184: =SUM(ES184:EY184)+F184 -> 0 | FA184: =ER184-EZ184 -> 617884 | FB184: =ROUND(IF(FA184>0,IF(FA184>500000,12500,(FA184-250000)*0.05),0),0) -> 12500 | FC184: =IF(ROUND(IF(FA184>0,IF(FA184>1000000,25000,(FA184-500000)*0.2),0),0)<0,0,ROUND(IF(FA184>0,IF(FA184>1000000,25000,(FA184-500000)*0.2),0),0)) -> 23577 | FD184: =FB184+FC184 -> 36077 | FE184: =IF(FD184<12500,0,FD184) -> 36077 | FF184: =FE184*0.04 -> 1443.08 | FG184: =ROUND(FF184+FE184,0) -> 37520 | FH184: 0 | FI184: =FG184-FH184 -> 37520 | FJ184: =IF(DY184>500000,TRUE,FALSE) -> TRUE | FK184: =IF(FJ184,RANDBETWEEN(500,1000),RANDBETWEEN(1000,3000)) -> 755 | FL184: =DY184+FK184 -> 707039 | FM184: =IF(DY184>0,75000,0) -> 75000 | FN184: =FL184-FM184 -> 632039 | FO184: =IF(FN184>1500000,FN184-1500000,0) -> 0 | FP184: =FO184*0.3 -> 0 | FQ184: =IF(FN184>1200000,FN184-1200000-FO184,0) -> 0 | FR184: =FQ184*0.2 -> 0 | FS184: =IF(FN184>1000000,FN184-1000000-F184-FQ184,0) -> 0 | FT184: =FS184*0.15 -> 0 | FU184: =IF(FN184>700000,FN184-700000-FO184-FQ184-FS184,0) -> 0 | FV184: =FU184*0.1 -> 0 | FW184: =IF(FN184>300000,FN184-300000-FO184-FQ184-FS184-FU184,0) -> 332039 | FX184: =FW184*0.05 -> 16601.95 | FY184: =ROUND(FP184+FR184+FT184+FV184+FX184,0) -> 16602 | FZ184: =IF(FN184>700000,FN184,0) -> 0 | GA184: =IF(FN184>700000,FZ184-700000,0) -> 0 | GB184: =IF(FN184<700001,MIN(FY184,25000),0) -> 16602 | GC184: =IF(FN184>700000,FY184-GA184,0) -> 0 | GD184: =IF(GC184>0,TRUE,FALSE) -> FALSE | GE184: =IF(GD184,GC184,0) -> 0 | GF184: =GB184+GE184 -> 16602 | GG184: =ROUND(FY184-GF184,0) -> 0 | GH184: =GG184*0.04 -> 0 | GI184: =ROUNDUP(GG184+GH184,0) -> 0
A185: =_xlfn.AGGREGATE(3,5,$B$2:B185) -> 184 | B185: teachers275 | C185: SANJOY KUMAR BAG | D185: MAINAN PRIMARY SCHOOL | E185: WBTPTA | F185: 0 | G185: 0 | H185: 45900 | I185: =H185*0.1 -> 4590 | J185: =H185*0.12 -> 5508 | K185: 0 | L185: 500 | M185: =SUM(H185:L185) -> 56498 | N185: 3000 | O185: 0 | P185: =IF($F185=50000,0,IF(M185>40000,200,IF(M185>25000,150,IF(M185>15000,130,IF(M185>10000,110,0))))) -> 200 | Q185: =M185-N185-O185-P185 -> 53298 | R185: 45900 | S185: =R185*0.1 -> 4590 | T185: =R185*0.12 -> 5508 | U185: 0 | V185: 500 | W185: =SUM(R185:V185) -> 56498 | X185: 3000 | Y185: 0 | Z185: =IF($F185=50000,0,IF(W185>40000,200,IF(W185>25000,150,IF(W185>15000,130,IF(W185>10000,110,0))))) -> 200 | AA185: =W185-X185-Y185-Z185 -> 53298 | AB185: 45900 | AC185: =AB185*0.14 -> 6426 | AD185: =AB185*0.12 -> 5508 | AE185: 0 | AF185: 500 | AG185: =SUM(AB185:AF185) -> 58334 | AH185: 3000 | AI185: 0 | AJ185: =IF($F185=50000,0,IF(AG185>40000,200,IF(AG185>25000,150,IF(AG185>15000,130,IF(AG185>10000,110,0))))) -> 200 | AK185: =AG185-AH185-AI185-AJ185 -> 55134 | AL185: 45900 | AM185: =AL185*0.14 -> 6426 | AN185: =AL185*0.12 -> 5508 | AO185: 0 | AP185: 500 | AQ185: =SUM(AL185:AP185) -> 58334 | AR185: 3000 | AS185: 0 | AT185: =IF($F185=50000,0,IF(AQ185>40000,200,IF(AQ185>25000,150,IF(AQ185>15000,130,IF(AQ185>10000,110,0))))) -> 200 | AU185: =AQ185-AR185-AS185-AT185 -> 55134 | AV185: 47300 | AW185: =AV185*0.14 -> 6622 | AX185: =R185*0.04 -> 1836 | AY185: =AV185*0.12 -> 5676 | AZ185: 0 | BA185: 500 | BB185: =SUM(AV185:BA185) -> 61934 | BC185: 3000 | BD185: 0 | BE185: =IF($F185=50000,0,IF(BB185>40000,200,IF(BB185>25000,150,IF(BB185>15000,130,IF(BB185>10000,110,0))))) -> 200 | BF185: =BB185-BC185-BD185-BE185 -> 58734 | BG185: 47300 | BH185: =BG185*0.14 -> 6622 | BI185: =BG185*0.12 -> 5676 | BJ185: 0 | BK185: 500 | BL185: =SUM(BG185:BK185) -> 60098 | BM185: 3000 | BN185: 0 | BO185: =IF($F185=50000,0,IF(BL185>40000,200,IF(BL185>25000,150,IF(BL185>15000,130,IF(BL185>10000,110,0))))) -> 200 | BP185: =BL185-BM185-BN185-BO185 -> 56898 | BQ185: 47300 | BR185: =BQ185*0.14 -> 6622 | BS185: =BQ185*0.12 -> 5676 | BT185: 0 | BU185: 500 | BV185: =SUM(BQ185:BU185) -> 60098 | BW185: 3000 | BX185: 0 | BY185: =IF($F185=50000,0,IF(BV185>40000,200,IF(BV185>25000,150,IF(BV185>15000,130,IF(BV185>10000,110,0))))) -> 200 | BZ185: =BV185-BW185-BX185-BY185 -> 56898 | CA185: 47300 | CB185: =CA185*0.14 -> 6622 | CC185: =CA185*0.12 -> 5676 | CD185: 0 | CE185: 500 | CF185: =SUM(CA185:CE185) -> 60098 | CG185: 3000 | CH185: 0 | CI185: =IF($F185=50000,0,IF(CF185>40000,200,IF(CF185>25000,150,IF(CF185>15000,130,IF(CF185>10000,110,0))))) -> 200 | CJ185: =CF185-CG185-CH185-CI185 -> 56898 | CK185: 47300 | CL185: =CK185*0.14 -> 6622 | CM185: =CK185*0.12 -> 5676 | CN185: 0 | CO185: 500 | CP185: =SUM(CK185:CO185) -> 60098 | CQ185: 3000 | CR185: 0 | CS185: =IF($F185=50000,0,IF(CP185>40000,200,IF(CP185>25000,150,IF(CP185>15000,130,IF(CP185>10000,110,0))))) -> 200 | CT185: =CP185-CQ185-CR185-CS185 -> 56898 | CU185: 47300 | CV185: =ROUND(CU185*0.14,0) -> 6622 | CW185: =ROUND(CU185*0.12,0) -> 5676 | CX185: 0 | CY185: 500 | CZ185: =SUM(CU185:CY185) -> 60098 | DA185: 3000 | DB185: 0 | DC185: =IF($F185=50000,0,IF(CZ185>40000,200,IF(CZ185>25000,150,IF(CZ185>15000,130,IF(CZ185>10000,110,0))))) -> 200 | DD185: =CZ185-DA185-DB185-DC185 -> 56898 | DE185: 47300 | DF185: =DE185*0.14 -> 6622 | DG185: =DE185*0.12 -> 5676 | DH185: 0 | DI185: 500 | DJ185: =SUM(DE185:DI185) -> 60098 | DK185: 3000 | DL185: 0 | DM185: =IF($F185=50000,0,IF(DJ185>40000,200,IF(DJ185>25000,150,IF(DJ185>15000,130,IF(DJ185>10000,110,0))))) -> 200 | DN185: =DJ185-DK185-DL185-DM185 -> 56898 | DO185: 47300 | DP185: =DO185*0.14 -> 6622 | DQ185: =DO185*0.12 -> 5676 | DR185: 0 | DS185: 500 | DT185: =SUM(DO185:DS185) -> 60098 | DU185: 3000 | DV185: 0 | DW185: =IF($F185=50000,0,IF(DT185>40000,200,IF(DT185>25000,150,IF(DT185>15000,130,IF(DT185>10000,110,0))))) -> 200 | DX185: =DT185-DU185-DV185-DW185 -> 56898 | DY185: =DT185+DJ185+CZ185+CP185+CF185+BV185+BL185+BB185+AQ185+AG185+W185+M185+G185 -> 712284 | DZ185: =DW185+DM185+DC185+CS185+CI185+BY185+BO185+BE185+AT185+AJ185+Z185+P185 -> 2400 | EA185: =IF(DY185>0,50000,0) -> 50000 | EB185: 0 | EC185: =DY185-DZ185-EA185 -> 659884 | ED185: =DU185+DK185+DA185+CQ185+CG185+BW185+BM185+BC185+AR185+AH185+X185+N185 -> 36000 | EE185: =DV185+DL185+DB185+CR185+CH185+BX185+BN185+BD185+AS185+AI185+Y185+O185 -> 0 | EF185: 0 | EG185: 0 | EH185: 0 | EI185: 0 | EJ185: 0 | EK185: 0 | EL185: 0 | EM185: 0 | EN185: 0 | EO185: 0 | EP185: =SUM(ED185:EO185) -> 36000 | EQ185: =IF(EP185>=150000,150000,EP185) -> 36000 | ER185: =EC185-EQ185 -> 623884 | ES185: 0 | ET185: 0 | EU185: 0 | EV185: 0 | EW185: 0 | EX185: 0 | EY185: 0 | EZ185: =SUM(ES185:EY185)+F185 -> 0 | FA185: =ER185-EZ185 -> 623884 | FB185: =ROUND(IF(FA185>0,IF(FA185>500000,12500,(FA185-250000)*0.05),0),0) -> 12500 | FC185: =IF(ROUND(IF(FA185>0,IF(FA185>1000000,25000,(FA185-500000)*0.2),0),0)<0,0,ROUND(IF(FA185>0,IF(FA185>1000000,25000,(FA185-500000)*0.2),0),0)) -> 24777 | FD185: =FB185+FC185 -> 37277 | FE185: =IF(FD185<12500,0,FD185) -> 37277 | FF185: =FE185*0.04 -> 1491.08 | FG185: =ROUND(FF185+FE185,0) -> 38768 | FH185: 0 | FI185: =FG185-FH185 -> 38768 | FJ185: =IF(DY185>500000,TRUE,FALSE) -> TRUE | FK185: =IF(FJ185,RANDBETWEEN(500,1000),RANDBETWEEN(1000,3000)) -> 735 | FL185: =DY185+FK185 -> 713019 | FM185: =IF(DY185>0,75000,0) -> 75000 | FN185: =FL185-FM185 -> 638019 | FO185: =IF(FN185>1500000,FN185-1500000,0) -> 0 | FP185: =FO185*0.3 -> 0 | FQ185: =IF(FN185>1200000,FN185-1200000-FO185,0) -> 0 | FR185: =FQ185*0.2 -> 0 | FS185: =IF(FN185>1000000,FN185-1000000-F185-FQ185,0) -> 0 | FT185: =FS185*0.15 -> 0 | FU185: =IF(FN185>700000,FN185-700000-FO185-FQ185-FS185,0) -> 0 | FV185: =FU185*0.1 -> 0 | FW185: =IF(FN185>300000,FN185-300000-FO185-FQ185-FS185-FU185,0) -> 338019 | FX185: =FW185*0.05 -> 16900.95 | FY185: =ROUND(FP185+FR185+FT185+FV185+FX185,0) -> 16901 | FZ185: =IF(FN185>700000,FN185,0) -> 0 | GA185: =IF(FN185>700000,FZ185-700000,0) -> 0 | GB185: =IF(FN185<700001,MIN(FY185,25000),0) -> 16901 | GC185: =IF(FN185>700000,FY185-GA185,0) -> 0 | GD185: =IF(GC185>0,TRUE,FALSE) -> FALSE | GE185: =IF(GD185,GC185,0) -> 0 | GF185: =GB185+GE185 -> 16901 | GG185: =ROUND(FY185-GF185,0) -> 0 | GH185: =GG185*0.04 -> 0 | GI185: =ROUNDUP(GG185+GH185,0) -> 0
A186: =_xlfn.AGGREGATE(3,5,$B$2:B186) -> 185 | B186: teachers276 | C186: PRIYANKA DEY | D186: MAINAN PRIMARY SCHOOL | E186: WBTPTA | F186: 0 | G186: 6000 | H186: 32500 | I186: =H186*0.1 -> 3250 | J186: =H186*0.12 -> 3900 | K186: 0 | L186: 500 | M186: =SUM(H186:L186) -> 40150 | N186: 2000 | O186: 0 | P186: =IF($F186=50000,0,IF(M186>40000,200,IF(M186>25000,150,IF(M186>15000,130,IF(M186>10000,110,0))))) -> 200 | Q186: =M186-N186-O186-P186 -> 37950 | R186: 32500 | S186: =R186*0.1 -> 3250 | T186: =R186*0.12 -> 3900 | U186: 0 | V186: 500 | W186: =SUM(R186:V186) -> 40150 | X186: 2000 | Y186: 0 | Z186: =IF($F186=50000,0,IF(W186>40000,200,IF(W186>25000,150,IF(W186>15000,130,IF(W186>10000,110,0))))) -> 200 | AA186: =W186-X186-Y186-Z186 -> 37950 | AB186: 32500 | AC186: =AB186*0.14 -> 4550 | AD186: =AB186*0.12 -> 3900 | AE186: 0 | AF186: 500 | AG186: =SUM(AB186:AF186) -> 41450 | AH186: 2000 | AI186: 0 | AJ186: =IF($F186=50000,0,IF(AG186>40000,200,IF(AG186>25000,150,IF(AG186>15000,130,IF(AG186>10000,110,0))))) -> 200 | AK186: =AG186-AH186-AI186-AJ186 -> 39250 | AL186: 32500 | AM186: =AL186*0.14 -> 4550 | AN186: =AL186*0.12 -> 3900 | AO186: 0 | AP186: 500 | AQ186: =SUM(AL186:AP186) -> 41450 | AR186: 2000 | AS186: 0 | AT186: =IF($F186=50000,0,IF(AQ186>40000,200,IF(AQ186>25000,150,IF(AQ186>15000,130,IF(AQ186>10000,110,0))))) -> 200 | AU186: =AQ186-AR186-AS186-AT186 -> 39250 | AV186: 33500 | AW186: =AV186*0.14 -> 4690 | AX186: =R186*0.04 -> 1300 | AY186: =AV186*0.12 -> 4020 | AZ186: 0 | BA186: 500 | BB186: =SUM(AV186:BA186) -> 44010 | BC186: 2500 | BD186: 0 | BE186: =IF($F186=50000,0,IF(BB186>40000,200,IF(BB186>25000,150,IF(BB186>15000,130,IF(BB186>10000,110,0))))) -> 200 | BF186: =BB186-BC186-BD186-BE186 -> 41310 | BG186: 33500 | BH186: =BG186*0.14 -> 4690 | BI186: =BG186*0.12 -> 4020 | BJ186: 0 | BK186: 500 | BL186: =SUM(BG186:BK186) -> 42710 | BM186: 2500 | BN186: 0 | BO186: =IF($F186=50000,0,IF(BL186>40000,200,IF(BL186>25000,150,IF(BL186>15000,130,IF(BL186>10000,110,0))))) -> 200 | BP186: =BL186-BM186-BN186-BO186 -> 40010 | BQ186: 33500 | BR186: =BQ186*0.14 -> 4690 | BS186: =BQ186*0.12 -> 4020 | BT186: 0 | BU186: 500 | BV186: =SUM(BQ186:BU186) -> 42710 | BW186: 2500 | BX186: 0 | BY186: =IF($F186=50000,0,IF(BV186>40000,200,IF(BV186>25000,150,IF(BV186>15000,130,IF(BV186>10000,110,0))))) -> 200 | BZ186: =BV186-BW186-BX186-BY186 -> 40010 | CA186: 33500 | CB186: =CA186*0.14 -> 4690 | CC186: =CA186*0.12 -> 4020 | CD186: 0 | CE186: 500 | CF186: =SUM(CA186:CE186) -> 42710 | CG186: 2500 | CH186: 0 | CI186: =IF($F186=50000,0,IF(CF186>40000,200,IF(CF186>25000,150,IF(CF186>15000,130,IF(CF186>10000,110,0))))) -> 200 | CJ186: =CF186-CG186-CH186-CI186 -> 40010 | CK186: 33500 | CL186: =CK186*0.14 -> 4690 | CM186: =CK186*0.12 -> 4020 | CN186: 0 | CO186: 500 | CP186: =SUM(CK186:CO186) -> 42710 | CQ186: 2500 | CR186: 0 | CS186: =IF($F186=50000,0,IF(CP186>40000,200,IF(CP186>25000,150,IF(CP186>15000,130,IF(CP186>10000,110,0))))) -> 200 | CT186: =CP186-CQ186-CR186-CS186 -> 40010 | CU186: 34403 | CV186: =ROUND(CU186*0.14,0) -> 4816 | CW186: =ROUND(CU186*0.12,0) -> 4128 | CX186: 0 | CY186: 500 | CZ186: =SUM(CU186:CY186) -> 43847 | DA186: 2500 | DB186: 0 | DC186: =IF($F186=50000,0,IF(CZ186>40000,200,IF(CZ186>25000,150,IF(CZ186>15000,130,IF(CZ186>10000,110,0))))) -> 200 | DD186: =CZ186-DA186-DB186-DC186 -> 41147 | DE186: 34500 | DF186: =DE186*0.14 -> 4830 | DG186: =DE186*0.12 -> 4140 | DH186: 0 | DI186: 500 | DJ186: =SUM(DE186:DI186) -> 43970 | DK186: 2500 | DL186: 0 | DM186: =IF($F186=50000,0,IF(DJ186>40000,200,IF(DJ186>25000,150,IF(DJ186>15000,130,IF(DJ186>10000,110,0))))) -> 200 | DN186: =DJ186-DK186-DL186-DM186 -> 41270 | DO186: 34500 | DP186: =DO186*0.14 -> 4830 | DQ186: =DO186*0.12 -> 4140 | DR186: 0 | DS186: 500 | DT186: =SUM(DO186:DS186) -> 43970 | DU186: 2500 | DV186: 0 | DW186: =IF($F186=50000,0,IF(DT186>40000,200,IF(DT186>25000,150,IF(DT186>15000,130,IF(DT186>10000,110,0))))) -> 200 | DX186: =DT186-DU186-DV186-DW186 -> 41270 | DY186: =DT186+DJ186+CZ186+CP186+CF186+BV186+BL186+BB186+AQ186+AG186+W186+M186+G186 -> 515837 | DZ186: =DW186+DM186+DC186+CS186+CI186+BY186+BO186+BE186+AT186+AJ186+Z186+P186 -> 2400 | EA186: =IF(DY186>0,50000,0) -> 50000 | EB186: 0 | EC186: =DY186-DZ186-EA186 -> 463437 | ED186: =DU186+DK186+DA186+CQ186+CG186+BW186+BM186+BC186+AR186+AH186+X186+N186 -> 28000 | EE186: =DV186+DL186+DB186+CR186+CH186+BX186+BN186+BD186+AS186+AI186+Y186+O186 -> 0 | EF186: 0 | EG186: 0 | EH186: 0 | EI186: 0 | EJ186: 0 | EK186: 0 | EL186: 0 | EM186: 0 | EN186: 0 | EO186: 0 | EP186: =SUM(ED186:EO186) -> 28000 | EQ186: =IF(EP186>=150000,150000,EP186) -> 28000 | ER186: =EC186-EQ186 -> 435437 | ES186: 0 | ET186: 0 | EU186: 0 | EV186: 0 | EW186: 0 | EX186: 0 | EY186: 0 | EZ186: =SUM(ES186:EY186)+F186 -> 0 | FA186: =ER186-EZ186 -> 435437 | FB186: =ROUND(IF(FA186>0,IF(FA186>500000,12500,(FA186-250000)*0.05),0),0) -> 9272 | FC186: =IF(ROUND(IF(FA186>0,IF(FA186>1000000,25000,(FA186-500000)*0.2),0),0)<0,0,ROUND(IF(FA186>0,IF(FA186>1000000,25000,(FA186-500000)*0.2),0),0)) -> 0 | FD186: =FB186+FC186 -> 9272 | FE186: =IF(FD186<12500,0,FD186) -> 0 | FF186: =FE186*0.04 -> 0 | FG186: =ROUND(FF186+FE186,0) -> 0 | FH186: 0 | FI186: =FG186-FH186 -> 0 | FJ186: =IF(DY186>500000,TRUE,FALSE) -> TRUE | FK186: =IF(FJ186,RANDBETWEEN(500,1000),RANDBETWEEN(1000,3000)) -> 516 | FL186: =DY186+FK186 -> 516353 | FM186: =IF(DY186>0,75000,0) -> 75000 | FN186: =FL186-FM186 -> 441353 | FO186: =IF(FN186>1500000,FN186-1500000,0) -> 0 | FP186: =FO186*0.3 -> 0 | FQ186: =IF(FN186>1200000,FN186-1200000-FO186,0) -> 0 | FR186: =FQ186*0.2 -> 0 | FS186: =IF(FN186>1000000,FN186-1000000-F186-FQ186,0) -> 0 | FT186: =FS186*0.15 -> 0 | FU186: =IF(FN186>700000,FN186-700000-FO186-FQ186-FS186,0) -> 0 | FV186: =FU186*0.1 -> 0 | FW186: =IF(FN186>300000,FN186-300000-FO186-FQ186-FS186-FU186,0) -> 141353 | FX186: =FW186*0.05 -> 7067.65 | FY186: =ROUND(FP186+FR186+FT186+FV186+FX186,0) -> 7068 | FZ186: =IF(FN186>700000,FN186,0) -> 0 | GA186: =IF(FN186>700000,FZ186-700000,0) -> 0 | GB186: =IF(FN186<700001,MIN(FY186,25000),0) -> 7068 | GC186: =IF(FN186>700000,FY186-GA186,0) -> 0 | GD186: =IF(GC186>0,TRUE,FALSE) -> FALSE | GE186: =IF(GD186,GC186,0) -> 0 | GF186: =GB186+GE186 -> 7068 | GG186: =ROUND(FY186-GF186,0) -> 0 | GH186: =GG186*0.04 -> 0 | GI186: =ROUNDUP(GG186+GH186,0) -> 0
... A299: =_xlfn.AGGREGATE(3,5,$B$2:B299) -> 298 | B299: teachers384 | C299: ABDUS SALAM MOLLICK | D299: UTTAR SEHAGORI PRIMARY SCHOOL | E299: WBTPTA | F299: 0 | G299: 6000 | H299: 30700 | I299: =H299*0.1 -> 3070 | J299: =H299*0.12 -> 3684 | K299: 0 | L299: 0 | M299: =SUM(H299:L299) -> 37454 | N299: 2000 | O299: 0 | P299: =IF($F299=50000,0,IF(M299>40000,200,IF(M299>25000,150,IF(M299>15000,130,IF(M299>10000,110,0))))) -> 150 | Q299: =M299-N299-O299-P299 -> 35304 | R299: 30700 | S299: =R299*0.1 -> 3070 | T299: =R299*0.12 -> 3684 | U299: 0 | V299: 0 | W299: =SUM(R299:V299) -> 37454 | X299: 2000 | Y299: 0 | Z299: =IF($F299=50000,0,IF(W299>40000,200,IF(W299>25000,150,IF(W299>15000,130,IF(W299>10000,110,0))))) -> 150 | AA299: =W299-X299-Y299-Z299 -> 35304 | AB299: 30700 | AC299: =AB299*0.14 -> 4298 | AD299: =AB299*0.12 -> 3684 | AE299: 0 | AF299: 0 | AG299: =SUM(AB299:AF299) -> 38682 | AH299: 2000 | AI299: 0 | AJ299: =IF($F299=50000,0,IF(AG299>40000,200,IF(AG299>25000,150,IF(AG299>15000,130,IF(AG299>10000,110,0))))) -> 150 | AK299: =AG299-AH299-AI299-AJ299 -> 36532 | AL299: 30700 | AM299: =AL299*0.14 -> 4298 | AN299: =AL299*0.12 -> 3684 | AO299: 0 | AP299: 0 | AQ299: =SUM(AL299:AP299) -> 38682 | AR299: 2000 | AS299: 0 | AT299: =IF($F299=50000,0,IF(AQ299>40000,200,IF(AQ299>25000,150,IF(AQ299>15000,130,IF(AQ299>10000,110,0))))) -> 150 | AU299: =AQ299-AR299-AS299-AT299 -> 36532 | AV299: 31600 | AW299: =AV299*0.14 -> 4424 | AX299: =R299*0.04 -> 1228 | AY299: =AV299*0.12 -> 3792 | AZ299: 0 | BA299: 0 | BB299: =SUM(AV299:BA299) -> 41044 | BC299: 2000 | BD299: 0 | BE299: =IF($F299=50000,0,IF(BB299>40000,200,IF(BB299>25000,150,IF(BB299>15000,130,IF(BB299>10000,110,0))))) -> 200 | BF299: =BB299-BC299-BD299-BE299 -> 38844 | BG299: 31600 | BH299: =BG299*0.14 -> 4424 | BI299: =BG299*0.12 -> 3792 | BJ299: 0 | BK299: 0 | BL299: =SUM(BG299:BK299) -> 39816 | BM299: 2000 | BN299: 0 | BO299: =IF($F299=50000,0,IF(BL299>40000,200,IF(BL299>25000,150,IF(BL299>15000,130,IF(BL299>10000,110,0))))) -> 150 | BP299: =BL299-BM299-BN299-BO299 -> 37666 | BQ299: 31600 | BR299: =BQ299*0.14 -> 4424 | BS299: =BQ299*0.12 -> 3792 | BT299: 0 | BU299: 0 | BV299: =SUM(BQ299:BU299) -> 39816 | BW299: 2000 | BX299: 0 | BY299: =IF($F299=50000,0,IF(BV299>40000,200,IF(BV299>25000,150,IF(BV299>15000,130,IF(BV299>10000,110,0))))) -> 150 | BZ299: =BV299-BW299-BX299-BY299 -> 37666 | CA299: 31600 | CB299: =CA299*0.14 -> 4424 | CC299: =CA299*0.12 -> 3792 | CD299: 0 | CE299: 0 | CF299: =SUM(CA299:CE299) -> 39816 | CG299: 2000 | CH299: 0 | CI299: =IF($F299=50000,0,IF(CF299>40000,200,IF(CF299>25000,150,IF(CF299>15000,130,IF(CF299>10000,110,0))))) -> 150 | CJ299: =CF299-CG299-CH299-CI299 -> 37666 | CK299: 31600 | CL299: =CK299*0.14 -> 4424 | CM299: =CK299*0.12 -> 3792 | CN299: 0 | CO299: 0 | CP299: =SUM(CK299:CO299) -> 39816 | CQ299: 2000 | CR299: 0 | CS299: =IF($F299=50000,0,IF(CP299>40000,200,IF(CP299>25000,150,IF(CP299>15000,130,IF(CP299>10000,110,0))))) -> 150 | CT299: =CP299-CQ299-CR299-CS299 -> 37666 | CU299: 31600 | CV299: =ROUND(CU299*0.14,0) -> 4424 | CW299: =ROUND(CU299*0.12,0) -> 3792 | CX299: 0 | CY299: 0 | CZ299: =SUM(CU299:CY299) -> 39816 | DA299: 2000 | DB299: 0 | DC299: =IF($F299=50000,0,IF(CZ299>40000,200,IF(CZ299>25000,150,IF(CZ299>15000,130,IF(CZ299>10000,110,0))))) -> 150 | DD299: =CZ299-DA299-DB299-DC299 -> 37666 | DE299: 31600 | DF299: =DE299*0.14 -> 4424 | DG299: =DE299*0.12 -> 3792 | DH299: 0 | DI299: 0 | DJ299: =SUM(DE299:DI299) -> 39816 | DK299: 2000 | DL299: 0 | DM299: =IF($F299=50000,0,IF(DJ299>40000,200,IF(DJ299>25000,150,IF(DJ299>15000,130,IF(DJ299>10000,110,0))))) -> 150 | DN299: =DJ299-DK299-DL299-DM299 -> 37666 | DO299: 31600 | DP299: =DO299*0.14 -> 4424 | DQ299: =DO299*0.12 -> 3792 | DR299: 0 | DS299: 0 | DT299: =SUM(DO299:DS299) -> 39816 | DU299: 2000 | DV299: 0 | DW299: =IF($F299=50000,0,IF(DT299>40000,200,IF(DT299>25000,150,IF(DT299>15000,130,IF(DT299>10000,110,0))))) -> 150 | DX299: =DT299-DU299-DV299-DW299 -> 37666 | DY299: =DT299+DJ299+CZ299+CP299+CF299+BV299+BL299+BB299+AQ299+AG299+W299+M299+G299 -> 478028 | DZ299: =DW299+DM299+DC299+CS299+CI299+BY299+BO299+BE299+AT299+AJ299+Z299+P299 -> 1850 | EA299: =IF(DY299>0,50000,0) -> 50000 | EB299: 0 | EC299: =DY299-DZ299-EA299 -> 426178 | ED299: =DU299+DK299+DA299+CQ299+CG299+BW299+BM299+BC299+AR299+AH299+X299+N299 -> 24000 | EE299: =DV299+DL299+DB299+CR299+CH299+BX299+BN299+BD299+AS299+AI299+Y299+O299 -> 0 | EF299: 0 | EG299: 0 | EH299: 0 | EI299: 0 | EJ299: 0 | EK299: 0 | EL299: 0 | EM299: 0 | EN299: 0 | EO299: 0 | EP299: =SUM(ED299:EO299) -> 24000 | EQ299: =IF(EP299>=150000,150000,EP299) -> 24000 | ER299: =EC299-EQ299 -> 402178 | ES299: 0 | ET299: 0 | EU299: 0 | EV299: 0 | EW299: 0 | EX299: 0 | EY299: 0 | EZ299: =SUM(ES299:EY299)+F299 -> 0 | FA299: =ER299-EZ299 -> 402178 | FB299: =ROUND(IF(FA299>0,IF(FA299>500000,12500,(FA299-250000)*0.05),0),0) -> 7609 | FC299: =IF(ROUND(IF(FA299>0,IF(FA299>1000000,25000,(FA299-500000)*0.2),0),0)<0,0,ROUND(IF(FA299>0,IF(FA299>1000000,25000,(FA299-500000)*0.2),0),0)) -> 0 | FD299: =FB299+FC299 -> 7609 | FE299: =IF(FD299<12500,0,FD299) -> 0 | FF299: =FE299*0.04 -> 0 | FG299: =ROUND(FF299+FE299,0) -> 0 | FH299: 0 | FI299: =FG299-FH299 -> 0 | FJ299: =IF(DY299>500000,TRUE,FALSE) -> FALSE | FK299: =IF(FJ299,RANDBETWEEN(500,1000),RANDBETWEEN(1000,3000)) -> 1828 | FL299: =DY299+FK299 -> 479856 | FM299: =IF(DY299>0,75000,0) -> 75000 | FN299: =FL299-FM299 -> 404856 | FO299: =IF(FN299>1500000,FN299-1500000,0) -> 0 | FP299: =FO299*0.3 -> 0 | FQ299: =IF(FN299>1200000,FN299-1200000-FO299,0) -> 0 | FR299: =FQ299*0.2 -> 0 | FS299: =IF(FN299>1000000,FN299-1000000-F299-FQ299,0) -> 0 | FT299: =FS299*0.15 -> 0 | FU299: =IF(FN299>700000,FN299-700000-FO299-FQ299-FS299,0) -> 0 | FV299: =FU299*0.1 -> 0 | FW299: =IF(FN299>300000,FN299-300000-FO299-FQ299-FS299-FU299,0) -> 104856 | FX299: =FW299*0.05 -> 5242.8 | FY299: =ROUND(FP299+FR299+FT299+FV299+FX299,0) -> 5243 | FZ299: =IF(FN299>700000,FN299,0) -> 0 | GA299: =IF(FN299>700000,FZ299-700000,0) -> 0 | GB299: =IF(FN299<700001,MIN(FY299,25000),0) -> 5243 | GC299: =IF(FN299>700000,FY299-GA299,0) -> 0 | GD299: =IF(GC299>0,TRUE,FALSE) -> FALSE | GE299: =IF(GD299,GC299,0) -> 0 | GF299: =GB299+GE299 -> 5243 | GG299: =ROUND(FY299-GF299,0) -> 0 | GH299: =GG299*0.04 -> 0 | GI299: =ROUNDUP(GG299+GH299,0) -> 0
